-- phpMyAdmin SQL Dump
-- version 4.8.5
-- https://www.phpmyadmin.net/
--
-- Hôte : 127.0.0.1
-- Généré le :  Dim 12 mai 2019 à 17:25
-- Version du serveur :  10.1.38-MariaDB
-- Version de PHP :  7.3.2

SET SQL_MODE = "NO_AUTO_VALUE_ON_ZERO";
SET AUTOCOMMIT = 0;
START TRANSACTION;
SET time_zone = "+00:00";


/*!40101 SET @OLD_CHARACTER_SET_CLIENT=@@CHARACTER_SET_CLIENT */;
/*!40101 SET @OLD_CHARACTER_SET_RESULTS=@@CHARACTER_SET_RESULTS */;
/*!40101 SET @OLD_COLLATION_CONNECTION=@@COLLATION_CONNECTION */;
/*!40101 SET NAMES utf8mb4 */;

--
-- Base de données :  `appjudo`
--

-- --------------------------------------------------------

--
-- Structure de la table `events`
--

CREATE TABLE `events` (
  `id` int(11) NOT NULL,
  `eventname` varchar(255) COLLATE utf8mb4_unicode_ci NOT NULL,
  `description` mediumtext COLLATE utf8mb4_unicode_ci NOT NULL,
  `start` datetime NOT NULL,
  `end` datetime NOT NULL,
  `inscription` int(1) NOT NULL
) ENGINE=InnoDB DEFAULT CHARSET=utf8mb4 COLLATE=utf8mb4_unicode_ci;

--
-- Déchargement des données de la table `events`
--

INSERT INTO `events` (`id`, `eventname`, `description`, `start`, `end`, `inscription`) VALUES
(8, 'hhffhfhvdvd', '<p>bfbfb<br></p>', '2018-07-06 08:09:00', '2018-07-06 09:09:00', 0),
(13, 'interclub du club ', '<p>interclubs de notre club pour les volontaires (aide, arbitrage, gestion), Merci de vous inscrire sur ce lien <br></p><p><a href=\"https://google.com\" target=\"_blank\">ici</a><br></p><p>Et pour les judokas qui combattent, il seras juste demander de venir au horaire de peser suivante (avec le matériel habituel) :</p><table class=\"table table-bordered\" width=\"368\" height=\"127\"><tbody><tr><td>retranchement<br></td><td>horaire pesser<br></td><td>horaire combat<br></td></tr><tr><td>cadet(19 -2003) <br></td><td>10h00<br></td><td>10h30<br></td></tr><tr><td><br></td><td><br></td><td><br></td></tr></tbody></table><p><br></p>', '2018-07-12 10:05:00', '2018-07-12 17:05:00', 1),
(14, 'réveille demain matin', '<p>réveille toi<br></p>', '2018-08-03 10:00:00', '2018-08-03 11:00:00', 0),
(16, 'dedededgrg', '<p>ggregrgr<br></p>', '2018-08-08 10:00:00', '2018-08-08 10:00:00', 0),
(17, 'dzdzddzdzdzdz', '', '2018-08-10 10:00:00', '2018-08-10 11:00:00', 1);
INSERT INTO `events` (`id`, `eventname`, `description`, `start`, `end`, `inscription`) VALUES
(24, 'titre de l\'evènement', '<p>ddede</p><p><p><img style=\"width: 387.558px; height: 198px;\" src=\"data:image/png;base64,iVBORw0KGgoAAAANSUhEUgAAAfkAAAECCAYAAAD9464+AAAABHNCSVQICAgIfAhkiAAAABl0RVh0U29mdHdhcmUAZ25vbWUtc2NyZWVuc2hvdO8Dvz4AACAASURBVHic7L15nBXVmf//PrXce/ve3rvpBpo1giiIAq6oqIhiNLjgbpbJ9+d8MyZRo5MYv9HEfBON0UySmUkmTpavGnUyJsbRxMQtKioKCG5E2XfZZGma7r77rVvnnN8f1XVFFGy6CpW23q9XvbgvXlD31LmnznPOc57n8wittSYiIiIiIiKi32F81A2IiIiIiIiI2D9ERj4iIiIiIqKfEhn5iIiIiIiIfkpk5CMiIiIiIvopkZGPiIiIiIjop0RGPiIiIiIiop8SGfmIiIiIiIh+SmTkIyIiIiIi+imRkY+IiIiIiOinREY+IiIiIiKinxIZ+YiIiIiIiH5KZOQjIiIiIiL6KZGRj4iIiIiI6KdERj4iIiIiIqKfEhn5iIiIiIiIfkpk5CMiIiIiIvopkZGPiIiIiIjop0RGPiIiIiIiop8SGfmIiIiIiIh+SmTkIyIiIiIi+imRkY8IDa01Wuv3fI6IiIiI+GiwPuoGRPQPtNZopZBKoZXCsryhJQwTjQYNQgg02vtTe39GREREROw/IiMfERoFp8TMmTPp6OigtbWV6667jilTpqCVpmNnB6ZpEo/HScTixGKxj7q5EREREf0eoSOfakRAtNJ0p7s5/dwZOOUyhr9DF2AIA6kkrusSi8WRrotZVnzjn7/OjLNnEIvFKBQKOKUSsVjMWwQkEgCYpvkRPlVERETEgU9k5CMCobUmn8sz4ZijSDU0wT544A0tKZWKGIZBdVWSYqFIlW0z8lOf4r/u+y+2bd1Kc3Mztm3vvweIiIiI6MdEgXcRfcIPrFNKMfWM00k11u2TgfeJx+PYtk1ellExkwKKxatWsHrDW6xfvx7XdcNvfERERMQnhMjIR+wzWmuUlCitOXTSETjCoC/hHUqYKGGhhIWBNxgtBZddeDGL33iTESNGVFz3ERERERH7ThR4F9EnXFdy3AnHkEwmQ7lfTMLRRx9NfWMjkydP5ogjjqAuVR3KvSMiIiI+qURn8hH7hNaaslIcd8pJKB0sBc7QEvCG39mfPouqqipOPelkxo8fT1VVVQitjYiIiPhkE7nrI3qN1pp0Os0pU09BhbQ2VErx2c9+lng8zmmnnRYZ+IiIiIgQidz1Eb1Ca8327ds544Jze/4myPrQC6bTZcmMs87CyRU48/TpjD10LPF4PHBbIyIiIiI8IiMfsVf805xMJsOMGTMgHk7uum3bHDpmLADTpk1j7NixkUBORERERMhE7vqIvSKEoFAocORRx4Gw8daFFoGGTrGMk84xavgILjxvJhMOG08sFotkbiMiIiJCJtrJR+wRpRTZbJbv3HQT1c2NhJWxnkwmOfvss5l89DGMHj06ctFHRERE7CciIx+xR8olh5Vr1jDn9ZfRRjA3vVAKSysKhQJfve6btLS0cOSRR0ZBdhERERH7kchdH/EetNaUSiUMw+ArX/lySCVjNbZt86c//YmamhomTZpETU0NhhENwf2B4ziUSiWUUhVlwihbNiLik0c0w0a8B6UUeafEMaeeQtm00AEcPkJLLEOjteTZZ59lzpw5HHvssTQ1NYXX4Ij3UHLLHHfiCWRyWbZu30Y6m/EkCSI7HxHxiSISw4l4Dzt27GDamWcg4sFd6YZ2UUrx7RtuZNP6DcyYMYORQ4dhmmYUaLcf0FojpeS8Cy/g7bffxrBMtIBBgwbxpz/+D5s2b2ZAQyOpVAqlFKZporWOfouIiH5KdCYfAbyTKlcqlbjpe9/Fsm1koDsqAAwN5bLLm39/gzNOO43hQ4diWdGw219orVHA1vZ2hGXiCoES8NaWzRw/dSrFYoFDh4/k97//Pdu2b6O+rp5EIlEx8pHBj4joX0Q7+QjgHSPvui4Tjz+WWCyGEkGMsReLb0u49tprGdjaygnHTY4KzuxnHMfhuKkn7fW3M1wHwzAwDIMpk4/n1ltvZcf2dpqamt5l8CMiIg58IiMfUcFxHM477zy2dO8EQAc08lJKHn/oz7z8yiucfNJJ1NfURrv4/Ug2m2X69OmUhEK+67d79yuuhKz8tQmeyz5b5IILLuCqq64ik8nQ0NBAVVVVZPAjIg5wIiMfAUCpUOT4k06EuI0kuKqd4Tr86ue/YOnSpUydOpWhQ4dGkfT7Ca01rusy67lnuekHNyOl3GUnr/CPTvaGd6xSxhQGtmVxySWX8L8+/wVc16W2uqayw4+MfkTEgUVk5CPQWvPbu+7m7vvuISfLAXfwHgkDLjznPE4//XTGjx8PcMAaef8VKRQKKKUol8uhP4tlWQghsCxrn+V9pZQUCgWmnjoVaXsLNN/IK+UCCqX2buiNnllAC+8CiJs2pmnytX/6MiccfwKGYVBTU4NpmiilEEIQi8WwbbvS/qC4rucBklJSKpW8toXc14ZhEIvFQlNZ9FNOXdc9YFMVDcOoBMPu+tk0w5Gx/rjhp5UqpXAcByll5e/29zy167tuGMZ+7+fIyH/C8XeBl3/5K2gj2IQndhlJ1151JcVigSMnTKwo2h2Iu0A/Wj2bzbK9fTs7O3ZSKBRw3bD0/zwSVQnq6+oZMGAAdXV1+yQSlM1k+Ofrv0m2VMA0vQWC0J6hVEriSol0JVr3BEN+8MYeAH9mcN0yx02ezNAhQ2hpaq4YAMuyqK6uprW1tXKeH2SCVEqRz+fp6Oigvb2d7u7uD1yc7CuxWIyamhqam5tpbm4OfCShtSafz7Nz507a29vJZDI4jhNiiz8cbNvGtm1isRipVIrq6mpSqRSpVArLsg74bBitdWUxViwWyedz5PMFcrkchUKBcrmMU3ZAa/aXRTRNE2EITMMkkUhQVVVFdXU1yWSS6urqym8A4c6V0QHpJxitNY7jcPLJJ1PUAuxgq0nfeDw36xn++If7mTFjBvF4/ICeHIQQ5PN5li1bxtatWzn33HMrfx/2+rhYLPL8889z+OGH09bWVvmevZHP5znrrM+QL5eQlnhH00A6OI5DrivNsiVLiMViGKLHAO9jux0lEQg0mtguyoelUgnLsvif//kfjjnmGIYOHRqoyFA+n2fdunW88cYbXHLJJViWtV92xVprHnzwwUqb/Ym1L/cpl8ts3bqV+fPnc+mllx5QY333May1ZsmSJfzhD3+grq6OgQMH0tLSUvmzvr6+8vseKM/pe4Sy2Szbt2+nvb2dzZs3s3PnTrZv38748eOZNm0aDQ0NSCmxbXu/jDm/r13XpVwu09HRwe9+9zssy6KxsZEBAwbQ1tbG4MGDqaurI5lMVv5fUCIj/wmmXC5zz3//DleAMIzAOimGdmlsaODuO3/Dp087ndam5gNmMtgTSik6OztZvXo1M2fOZMGCBbz99tuhf8/GjRv52te+xubNmxkxYgSDBg36QBeelJKXXn2FtFZg2YDC0D1lfF1FIZ1l7arVlB2HR//yV6QMlhS5O6VSibPPPpuzzjqLJUuWMGTIkD7dx59Ui8Ui69at49JLL6W7u5vnn38+xNZ6uK7LxRdfzLRp01i3bh2DBw/us5H3izetX7+ek08+GSEEDz/88AE55tva2mhra2PMmDHcfLMX1+E4Dh0dHdx7772MGTOGgw46iLa2Nurq6rBt+2N7/OZ73/L5PJ2dnWzevJm1a9eyYcMGLrroIqZMmYJpmkgpMQyDQqHAqlWraG9vZ/v27fu1bY2NjQwePJiRI0dy/fXXv6sPb7rpJkaPHs3o0aMZMWIEjY2NxGKxwK78yMh/QvHPnv7jN78MLeJdK8XVV19NU1MTI0aMOCAnu92RUtLZ2cnGjRtJJBIsWrSIL3zhC302DHvisssu48orr6y4qH334p760HVdTNPkhhtv4P2EK6WUJBIJtNY8+uijnH766aRSqdDaWy6Xeeihh0gkEvzkJz/hxBNP7PMOyH/GTCbD1q1bAXjmmWcqnqAw+eMf/4jjOPzyl7/k5JNPDnQc4Lvqt23bxpQpU9i+fTuTJk1i2LBhIbb4w8E/l96xY0fluGTr1q1ceOGFXHfddcTjcb7zne8wYcIExo8fz7Bhw0IxQGHivzPFYpH29nbeeustVq1aRaFQ4Mtf/nLl7HvevHls3rwZpRTDhg1jyJAhtLW1MWLEiEpq6f7CO0JTdHR0kMlk2Lx5Mxs3buTMM8/klltuwXEc7rjjDpYuXcqkSZMYOXIkNTU1geabyMh/Qkmn00yZPg0rFo6qnZSS556exSOPPMJxRx3dLwrP+DuCdDpNNpvFNE3PZWlokOGcu0oBCNi2fTMAiURir5Onb0gdx+HE00/1/lK8Mykp0eNGRuEUixhC0NXV5Z09h9RmANO0eOmll/jc5z6H1ppkMtnnxaL/TJlMhnw+j2mapDM7sWMCpR3MEI/l58+fz0UXXYTjOIHaDF67c7kc3d3dmKbJs88+y8yzzwq1nz8s4l4uJcnmBgY2NyDHHITUiu50B0uXrGTcuHF897vfJZPJ8Oc//5mxY8cyZswYams/Hmmxviu8q6uLtWvXsmzZMrq6urjqqqvQWrNy5UpWrFxBIpXiyCOP5NjjjkRKiaV3XUQr0IqAKmB7xQIwoKWxjpbGOg4aPgQpjyIrHf6+ZCGd7Z1cddVVCCG4/fbbmTx5Moceeiitra19NvQf/a8T8aHivwyvvfYaZsDKcj5KKZLJJL+95x5OnTqVxsbGUO77USOEoFgskslkOPVUz6AOHDhwv3zXd7/7XYQQ1NbWkkql9riD94MATz31VKja8/l3pTCN9H4bpRRmiI4VwzBYunQpAKlUimQyGchz47ou2WyWHTt2oJQK1euwK4sXL8YwDJqamqiurg60a/Ndwl1dXSjlVVj8OO1sgyCEFyBWX1/P5MmTcV2XJ598khkzZnD55Zdzyy23UCgUGDt2LM3NzR+poZdSUiwW2bZtG4sWLeKll17itttuQ2vNokWLWLRoEYcddhgzzvo0slwkFrORPdkhH4daDqZpUmdWMX7UGMQhcZYsXcrw4cO54YYbuOOOO8hkMkycOJEhQ4b0KYslMvKfMMrlMkorbrr1NsL6+W0Mbrv5B+iyy6hRo/rNRAfejrm7u5tLL72UTCHP4NYGzBCX+oaUtHdmOOXk02hvb6e2trYSdPN+ZPM5zjt/JoZt4b5PqqOhQUovNWjUqFEgBC0DmojjIAjPypfdLBdfehGOVFRVVZFKpQL97o7jkE6naWpqwjRNGhrrMLX0dvEhNVsLwcUXX4wQgrq6OmprawO1WUpZ8T64ruvdLxSViY8ec9diRkoQNwxOP/1Utm7dTF19PTfccAM//OEPKZfLTJw4sfK7fdhIKenu7uatt95i3rx5TJw4kR/84Ad0dnby9NNPM378eD534Tk9hlGCbXsiUHo/btf7iGkA0uGIgw8mXyjw17/+la997Ws8/fTTvPbaawghGDRo0D6nfkZG/hOEf8Y79ZRTKeGdPYXhCb3//vuZO3cuZ54+vV+46X2klORyOTKZDEopnnnmGaYef0y4aV1aM2/ePKZ/5lzuuOMOpk6dusfJsqurix//4md0lfIIe887UKUUruvyl0ceQSnFoEGDUEoiRHhnjZlsliv+6QrS2UIlFS0IfgT0V7/6VRzHobW11YsbUe/k7QfFcRyuuOIKcrkcNTU1gfLk/cj6dDrN8OHDicfj1NXVIYQIPe3vo6cIgC2gpbEa1y2yevUmbrzxRm677TZisRiHHXYYzc3NwIcXee/HyyxdupTXX3+dq6++GsMwePLJJymVipx71vSeDI0DSbvAC5xNVAnOOfN0nvjLw3z67Jk8/fTTLFy4EK01Q/ex/sfHMzwyYr9QKhTRhkHRUCgDVIBf31AKW7ok0Pz3vfdx1ISJ/ap8rC+MkcvlKufEO7ZtJhk3MbQb2qWkZPbs2cRj3nmbb3x2b4vrumzevo3HnnwahL3X8r9KKVSpTMKO89KcFxjQUIeQ5dDajHR4/c2/YwjB87NmkUqlKkF+fSWfz5PJZBCG5I03X2NEcxO2chGE0GZVBmD+6296yoCzZlFTU0NVVVWfDfKuRzn/8A9fpFDIMay1IdSx8fG5FIZWWMq7EobB6OFD6Ojo4Otf/zqvvvoqS5YsIZvNfmgGXinFjh07ePXVV3n66ae55pprEELwwAP3cvDBw/j0GacQEy6Wdj4G/bfvfW1ohSGLnHnayTz+yMNMnz6dpavWsn79erq6uvYpUyYy8p8gCsUCJ5x4Qqj3nPOiVx9+2LBhH4sAnLAQQlR28l1dXZTLZaqqqt6llBXGJaVk2bJluK6isbHxfY28/0J/8Ytf7HX7lVJoYOWKlVRXV1f+LoxLa83s2S/gOA4LFiyoRP8GmeDz+TzpdBrbspk3bx7V1dXhtbfnz+eff74SXZ1KpQIr3vnn8ZZlsmD+ApqamkIdGx/ny5QFahIGVVVVXH311axYsYItW7ZQLpf3667ZD4bdvn07L730EnPnzuX73/8+HTu3cu99d3L26WcwbMBATNdbvH3U/RTk8p93xpnTmP/ic9zwja8xb9481q5dW+nn3vR1/5mVI/aIL3pz28/+FVdoz//Z57nNcyeZpsExk47hN//vN5x95lnU1NSE1t6PA/7uOZPJMHr0aGzbZkhzEzGteq0Y1xtM02LcuHEYhkEymSSVSr0rGEwqSbpcZNr0M9HmB7+uvhE2TROUImlZxIVGIzGDuG789gjvO5YtXYtlxWhsbAh0Hu9P2plMhnQ6jRA2g5qaiRkGqHA6WqPQGhYufBUhBA0NDdTV1QWS4lXKC7TLZrNorVm9fAknTBqLEVKbd0XjZU18EOaH7JFOGbB00WuMGT+JQw4dx+rVq2lsbNyvHj2lFO3t7axcuZIX5s3nRz+8lfXr1jB/7otcdO5MkqZC4Hqdth/6Q/HO8dGH1d8l6TJp0iQEJjfccAP33XcfAwcOZPDgwb167yIj/wnAN1jPPPOMp7wU8H7lchmNYMKECYwdO5bW1tZ+kRO/K77QSaFQ4Pzzzwc8IQutNUqHN5Hni1lu+9GPQEBdXV0lqtyPn3Ach9NPPx3dy3AupTzvQE1NDVIpGhoavF2BUO+SHe4rforepk2bACoSqH018kIIXNclnU4Ti8Uq6XgqRGOpUSgEmzZtQilVURTzVcj2dez65/HZbJZ0Oo1hCJJJb6GjQhYc8trfOyMfxu+7rxw8fAiPPPA7zrvwEv7tP/6ToUOHUltbG0j5cE8opchms6xYsYInnniCH916Czu2bOTVuc9zwTkzEEKilA4xvPR92sA7Rv7D6m9DuwihePbxv3LSp8+qiPvU1tZSX1//gf8/MvL9HF+v+ZTTT0MJfyLu+2sgNCS0wYN/eID58+dz6MFjQheG+TigtaZQKNDe3k4ikWDlyhUMbm3uyYE2eGebIPbwuRcIwZLVb3HM5CE89NBDNDU1VcRfpJQ45TKnf+ZMzyXXy5/MN0B3/eZXWBYMaq3BxPGMT5+a+e7ns5DklcVjjz0GQH19PTU1NX1ORfNzzTOZDDNnzgRgcHNdjw5BgL7dpfmGKXBKZWbPmYfW+l1Gvi/4C5Ouri6amprQGlLJOKYqeYuTPk3+731WDWQKDiUJUrvv+292xVZlYrE4yaokpmUiZAmtjZ6yw3q3iPI93Wsf+lmAxuTYY4+lVPbKVK9Zs6aS6hWWqIxSXrpbqVRi9erVzJ8/n9tvv51cJs1zzzzJ+TPOwlK7aBO8p/l9e1ahvQWDEjGUEAjTpuQUKZYKmKZN0o4DGssQGMoBLVGG2efv2xOm8CpJnnL8RLZuWsfV/3wdDz1wP8OHD6e2tvYD+zk6k+/nKKWIx+PelCFEz9X3+5Udh0Q8zh8feIAJEybQ2NDQ73bxPvl8nmKxiOM4zJr17Ds7TNFjdAV7+dyLyxA8+benUErxyiuvkEqlsG27souddto0CqXiPrVZKS+y/ojDDyfT3U3LgGaEVt6L7n/vrp8/8Nrt+fCERRoaGnj55ZcrhTX6eg7rHyWl02mGDRtGJp1h8MBBwft2l2dVrsvaNWuxLIuXX36Z2traQNkA/sJZKcVll10GeLKw0i9M05d2vs+zZkouJWnSPGQEA4Z8quc6qOd653PrsNG0DB1F7fDDqR4yBl0/lGkzLuQnv7iTzoJEoLzF6Qd83z73M2DIIi311fz4hz9g+PDhrFixgm3btvW5b98PwzCQUrJ+/XoWLlzIddddB8AD9/8XF507g7ixm/ekF337Qc8qDIESgqyC7/303xk75RQ2ZLJYNY00tn2K+kHDcOvq+dGdd3Px5f+bt7szOML0vHxhzQ+VfvbMtBCaJX9/lZjh5f+//fbbvYqBiHby/RT/h8/lckyZegpWPKj7TAKCmlQ1jz/6GC88/zyf+tSn+uTuPBDwXcidnV3YtkWVBTGhMNAIrXr2WQKvcItnlL3PABo/J13v8bOnL7906TJM06S5uZmamhosyyKby3HaadO8f7MvwYwaUBpZckhWJfnlL/6TL11yPlrJd7dJaIT+oPb5z8e7nlVoeGnByxx2zEk89thjTJ06lUQi0ac+9gOHcrkc2WwW27b59R0/558+OxO02uW7QWD0fNb71s9CIwQseHUhhx09heeee47jjz++EkTZ17FbKBTYunUrTU1N7NjRTmtdLUJoQPaxb3d9Vu/51ry1kYnHnsAfHvwT816aS2Nj4/sei1RiMJwi9Q31HDf5eJ6Y9SJCl+lo7+CJJx9nxpnTPG+OYSG0fM/v2te+NdEYlDnluCNBuWzYsIGOjg5KpVIo6bT+GPHrR4wcORJhmvzu3ru54DPTsYUL2gVt9bKf9/ysUhiYugwICtLiS1ddw1XXfINvf+8HfP/7t1MqOzz62OMsWrSIRCLB0ZOO5MavfwtsEwPJjd/8Bt/71jcwtbvLL9nX+eH9P5947JFYQnHjjTcye/Zs8vn8Bx6NREa+n9PV1cXWjvZKVbO+oStXzLS4//e/55wZM/bLudvHBT/orrOrGxNNQ00VulxEGQZh6F76a++ydDEMo1JeNp/PM/mkE730LkDva267VFQlqjAMk5q6JLYA5ZYDt9fH0LDg5Vf5smkSj8cDy5r6Rj6dTqO1pr6mipgZbpuV6zB3/qtcfoVXO7yuri7wPQuFAt3d3Ugpuee3d3LVZecjpYuQ4TlHn3nqKSYddyIvzJ7NMUcfySGHHLJH16z/91JKNr+9lTcX3cOSJUv4/vdv5tTPnM89/3U3n7v4fAxZDDUeTQFCSyZOOAxDwDXXXMPChQspFouhGHnfTb9p0yaWLl3KlVdeyexnn2X8QUNJWgq3UtY3+HhRwovfeHXJan70b7/g4UcewxAm1157LQcffDBtbW00NTUyffrpuK5LPp/nv/9wP2+//TbXXnst3/7erXz7xm/yg29dg2XuHyd5Vczgt3ffxeVfvoqdO3eSyWRoaGjY6/+JjHw/RQhBd3c3M88/n7a2IZVdQhC0UvzXvfexcvUqWga0fGyrUIWB4zjkcjmuu+4baCEY1NKCED27WUI4cRMarQU/uv1HaK2pqalBa820adMwq6tweu5o9OqG7y4X6hkfF9u0etq8+3f3vqG7P59ULlu3bqNcLlckePs6DoQQFUGZdDqNlJJkMoWULqZh9b1vK2gQGkMY7Ny5E8uyaWpqqtRI7yuu65LL5ZA9HpLGhnovhRAX+iiV+q5nFQpXatauW4fWmsGDBzNhwgTGjRu3x/gX/4hHKW8h09XVxZgxY7jrvru47MLP8oX//TVmP/EQpx47FmWmQhrDVNb/iXicvz35BKd9ekal1sMHGZ/e4AverFy5kuuvvx4pFe0b1zLl0ydj9gRU9raZ7//5nae1cPnRf9zJFd/8Hn98+HT+5fbbaGpu5ZJLLmHIkCHU1dURj8exLKtyLJbL5diwYQO///3v2bBxMz/+919w+03f5Nqv/CNx2/IW6fq9390XBCDcIlvWr6mUq+3q6qKtrQ3DMPbolYqMfD9Ea41Wmv/679/hWgIhgstNWgo+fep0nv7b3zjjjDOwTLPfuur96mKZTIam2hRbt7XTUmNiIdHKSyHc9an39HlvCDTrNrdz8JGn0NXVRSwW47IvfoGCUyQWq93HFsvKl0spufnmm9EChjQ2omQhsNLdrs+kNXzpK1/19Lbr6ioqb30ZB376XC6X46yzziIWizG4qY6YdipGqy99+572WzafOfd8FF5tgOrq6sBGPp1Os6OzEyEU9UkTZB5TGL2Kgt9jO3v+NLSLVrB+YzvCsKhvbqhErO+pn3ddaMViMVKpVCXA8Pe//2+uvOqrTD3nHDKbV1Mt/CXke79798+9xQQeevBBpp95Dp2dnRSL+xZL8n74WUEbN25k+fLlKKW4/967OGfq0RiqhNb0etzt6fn0Llkc//Ifv+b6W3+GlJKf/vinjB59CMcccwytra2VvvePQQ3DwLZtEokE1dXV1NfXM2/ePJ6Z9Szf+sFPefHxhzhp4iiUiLGraQ88WyrF0CFDKJfL5HI5crmcp1uwl+yWyMj3Q4QQ5HJZ7rnnHgzbDM09d+SRR9LS0kJrayta6369k/fT51zp8uyzz3L2cQcjVfCJy0dJkxdffJERE0/i1ltv5bHHHsNqrMGq3rNu/d7wDWa5XObyyy/HLUuam5vR2g3Fi+PT1VVg5gUXgBDU1NSQSCQC7eTz+Tzd3d2cdtppFAoFWhuqQRZRZggZG9oLYuza2cWXvvQlXFdVjkWCUCqVyGQyXHDBBRhCMGBAM1qU0SqYimSl2a5GC4sbbrwRgNra2n0uuSt6fp9Ro0ZRLBa56Xs/4Ic3f5c/PfY0X5h5eqgpij6p6hSm4XlnHCecSnzd3d1s3rzZq8yGosF2SNkCQzoooVCBY8cttIannnqKb978Y7TW/PSnP2XKlCmMHTv2PWVed19UCCFIJBK0tbUxceJEZs2axWmnncaw8RMpu9sxLRWKdHgFVWLgoEaqqqpobm7GdV1c191rhlP/naU/wWSzWf7xrZKC4wAAIABJREFUyi9TNoKuHN2eS/Kr//wlmUKeMWPGBBIRORBQSvUE3XVip2pxujaRjAuEq8O7VIkFCxdBj8eFVBwD0ecX0lfoc5UkZpjM+tvjtDbVI6QKtd0vL1yEYca59dZb+2R8diebzdKRToOheXnes7TU1YO0wmmvdIgZmhdffg3DkPz8jp9X5GyD4Bv5CePGks3kGVJjY7jay9EOod0A7Z1Zppx6CsVikbpkaq+VCfdGKpWira2NUQeNoFBy+IcrrqMrW/a+J8zx7CpStkALQTab3SdFtj3hui4dHR1s2rSJxsZG7vvt3Uw+cgJCuUil0TL4O2npMlpJnl/6Nq4SfOc732Hy5Mkccsgh1NXV9To9OBaLMXjwYA466CBuueUWhg8dwcr1O9Gh9rHGUIKaKk/B0nGcymJqb/0cGfl+hr+jW71mTahVoebOncvBBx9MY2Njn92zBwr+efyOHTuQeYfGZA2WG77yxaJFixCGQXV1tRd5G2BC3P3/rl+9lJSlECFX23pxzhy01mQyGZLJZCCNBNd1KRQK5LKey3H58uUkEsEWDbsjpWTBgvnIslfKtqamJpA6n3+U09HRgVKS5559lrr6+tClXOfOnYOUkh//+McVqeO+fIdpmjQ0NDBkyBDuuOMOBLCjvT3UtvoUCgW01oEXfj6lUokdO3bQ2dmJ1oq4KFOfDFmTQzl86f/8kH/5l9v59a9/zfHHH89hhx1GY2PjPnmohBAkk0mam5u9wl9K8eabb4bb1h7KrreASqVSvVpIRe76fkaxWOSzX/wHpBHCT+saWJbFPXffzd9fns+Yg0b1a+PuvyzlcplMJsPhhx+OnYxR01BPWWsMGY4LEgBhceMt/4JEYto2thYIo2/ZCoYGpTRIRT6TRWhPPc82QGo8oY6QeGP5GqRyGThwYEUatq8opchkMnTtaEeJGE1xgYWnpogMHi1tCpOyhqXr2jGtBA01wQIF/TbncjmKxSKujrNp8ypqjxiOCLGPDcPghbkLuPgKbzHi7yj7Gvdg2zZxy2bH9na0gLe37WRUax0Ik2ChYO+mfXt7pQqfaZqB54pCocC2bdu47rrrcF3JqLZmpAYzxPew4DicdfbZPX0BY8aM6ZO4k9aaWCxGMpkkmUxiGBYd2VKPqFN4KK3p2NGBEIKOjg7GjRv3gZuuaCffj/DVzsIUoyiVSvz5kUcYP348tbW1/drI+y+L4zhkMhkuuugiDF1mYGM1lg73Zc1kMpz1mbPYuXMnpVIplPgG13UZM2YMWkoG1FRhygJGyDv5o446CsMwA0fWA5V+rq31Ag2TSS8eIazzYt/YjD300Mr9g+zkwevjbDbL5s2bsXCpr7JCNTrgvcdr1qwB3pE6DtJmP0DWN7yFQsEz7SF7Hzq7OgHviCDobl5r/c6RmW3z1788wkFtLcR0KYymAt77/ufnXuG8Sz7Hnb/6T0aOHElLS0ufUoP9xc2uu+owPangL8c069atA7zNiB/tvzeinXw/olAoMPOzl3jBP572QyDy6U4ef/xxXnzxRYYNGxb6oP244susGobBk088wgkjGpHSwiK8Cea1pas5eeypXHntNaTqa5FGsBW3n9Ize/ZshCgzqLEaLV0EAiNw6E8ZZcQpKYNvfOvbCDw5W19nvy/4qnHpdJrr/883KZaKHNTWgOHmA7b1HZSATN7lmzd+G6011dXVfRbu8fHV+erq6pBC05Kq99Ic3fAMfQnB2Rd/HoDq6upAKX+7VlOsqalBKUUyYSFUGaHfJ72yjygEJ512JrlMhurq6sBGXkpJNpulc8dWpILM5lUkJw1DyiImwftaa8Cy+fPfnuOyL3+djTsyHHHkwD7HPvhuc8dxkFKitEO8ysZwndD6GA0ai6VrNlQMfCwWw/yATKdoJ99PUEpRVVXFjh07QrtnQ0MDDz74IJMmTep3Veb2hD8hFgoFLMtizbJFJC2FFeIOAmDWM8/guuVKydYgO2I/DkNKiRCClcuW0VrfiOhR2AwDJSXLly+noamJl156iWQy6cklB9gNFgoFLz/ecXh73Xoak+GPsY0bN9LU1MTChQupq6sjkUj0eRIHz8hns1muv/56LCFprU9CyF4e15V85aqrkFKGIsHrR7t/61vfwnEcmlK1GDK8saG1xpWSa669FjsWo6ampuKV6StSSrq7u8lk0tgx21vouAozzFB1Kdm6ZQtSSpqbB1BbW9vnGBO/n/1sERyXukQyPAPvfw+aNWvXYNs2tbW1varBEBn5fkLJKXHopCMQVhwlrEC7eEO7mEjmPD+bEUOGMmxwW7+qFb8nlFKV8/htHTvQ2qE6YYAQONoEVwW7pKpUiVu7qQMrbhOP26FkK3jaCBLlahY88wQ11eAYApQbuN0lbWJKlxfnvIHSJo8++mjgyHq/AFA6nUZacWY9+WeS1cngfbzLJVA8/LcX0AgefPDBQDtM//fJ5XJ0d3dj2zZL31hGS2MtJUWo7X5jxSawq3j++ecD97Pvns+luyi5mlWLXqalOelprEsZwph2cKVm6ZrN2PE4L7z4IqlUKrDHpFQqkc1mOWnaNAytGTOoCVQBRUhjQyoK2Hzjxv8LGFTHzYrmQ18wDKNylHPiiSeirTgt9VUgwxsXSIUybb717ZtxXbdSATI6k+/n7BpdGaYh1lrzq1/9qpIr+knAP1fL5XJUVVUhlKKptg5TQSzEHYRfi1xoEGLPSlW9xXfVuT1pS4ZpkhAWdki7tbgEYZq8uPAVyuUyDQ0Ngc+2/Qj97u5uLK1IWZrE7oVGAqKVYsOGDQjhieD4tQH62l7wvA+5XA4hBC8+8zhNqTiGCk+CF+C5554Drfnb3/4W2GD647mrqwtXurzy8gLq4kmMMHfEwKxZsxBa89RTT1FbWxt4bBSLRdLpNCdOmYJWikQiuETu7qTTac4++2y6u7srgjd9wZ+D/YXJGWecgZPtYmBDdehxD11dnUyfPp10Ok1DQ0OvvDz9YnvmT3L+i+gH7uxN6q+/oJSi5Dh88Yr/TSwWC0V4QUvFff/vLhYvXsyIESM+Ebt4eEcnO51O8w+f/RygGFFnopEImUcFtZjawMChy0jyyFOzkVphx+OVM7W+opSiVCoRS1QhhaZGaJAOwjRRKrjhNJA40mb9du8Iw3fHBjGYvpxtsVhEaaiLmShloEJ0fbvYLHtrKwaisjAJciziK921d+7EEAapuIU2DLQ2UCq845yFK9eipKSpqSlwbQC/7v3OXIZYIkZCOZgq79VgCMH+CEzQLi8sXs0/W54ojJ/y11f8NMWuri7idor/+d19nHFoA6In4yKMOc4wDBa8tojPHHEqd955J0cddVSfF1O7bg66urrQWvPnv/6JGeOHIpVXBTAs5r65jDPHn8ovf/lLJk+e3KtCSwfs7O2vngzDqEj8+SplvkCAbdtUV1dTVVVVyelVSmEYRr+SZBWGYMWKFaEZY8MwmDVrFlOnTqW6urpf9dXe8CeXdDpNS0sLmzato7m5mbLjYGkjuJqZBoFizbq1HHXIKfz7v/8bpmlimqaXWxvw9rfecguGW2DwgDqUUqFFqRs9i5vZs2ejta7siv2Fyb6OjV0zGC688EIsYdBYk8DSjpcKGBIa5dW978lhrqqqCmTkfYNpWRZaShpScYxyASkswtI1MwyDTZs2YRhG5cw1SJv9ADYhNYbUpGLxilEKA6FBGgZbt2xBKYVt26GkKWazWTKZDEJLOrdupPrwxlBV+lzX5fWFCznXssjlcpUyz0HwpbCFEHS8vZ7Y4QPRKky9SViwYAHn/K9ryWQypFKpXi2mDkgj7xt4pRTbt2+nXC7T1tZGfY8oxa67IsMwyOfzzJkzh8bGRlpaWmhqagr8g34s0FAsO3z5a1dhWPFA04zQCn+N/Ks7/pOVK1cydOjQT0xEvU8+n6ezsxMpDP78u9/x/804CmGA1L0phbF3vFoeFnPnLeCoGZfzs//4OTUNQSqieQVSNJpcV5qLzj2fUncHLQ31hLPf8dDaYV1HnkHDDNavXk1tbW2fA9i8+3nu2HzeU1Ds7myntbEW5bpgBF9M+kV91r3dzqc+1cDa1asYOHBgoGAwP3K6u7ubz3zmPHCzDGqoxdReZDkiWH8b2sBQJUqinmfmLkDgRdb7Z659bbMvKHPOOedhGYJhrfXoENMqTS1JlwxmvfQaSqlK1kWQTYFfmdBxHCSC6rg/n4c3ppXQzH7tTZT2UivD8Jh0pbvpTHcjSw5NiTimYfQkOQVrtx9sqBEseH0ZZSUZNGhQxTP1QX19wBl534B3d3fjOA4tLS2sX7+et956631Xer4bf9KkSSSTSUqlEgsXLmTAgAEMGjToXS6aA223KqUkncnwxqI3MczgKlMCT0xn6dKlHHbYYTQ0NHxidvHg7SC6u7vJZrPETYOEIbClBukVpQl8jilAm4JXFq/0As6UDKge6C10EYKYZWFoeOj+e7nouEMwSm7Axu5CTPLKq69z2ZQLefDBBznxxBMDLZJ912Y+n8e2bf54571cdMIoDO1AKdiiUgtQPWU+57/+OiOnXsSDDz/E0UcfEzity9+pjR51ELliJ62Ntd6xiGFguMH6W5sxQLFly1YGDj+CxYsX09TUFLjufT6fp1gscsghh5Dp6qS1Lhnu2LAE7Ts6GXSIyRtvvFHxPvSFXTMY0uk0gwcPplRM01ybxMBFl8Kbh5QlOO6EKSglGTZsWCDvg78AzGQyjBo1CjMWo7W+GlM6KGn0spLkXu5v9hhyAaMPPhSpvBoMNTU1vRoXB1zgndaarq4uEskqqpJJ1m1Yj9QKpbVXf7vn2v3z9h3tbNm6hbe3bmXCpIk0Njby2muvsaUnhSJsWcr9je/JePXVV0MRUtF4rrcLzp2Jcl2GDRkSvJEHGOVymUKh4KWjuQ4NNRa2AFsIbGFgGGAYAsPY/bPY7TPv/1kAaLZ3Frydg2mBIdB9q05awXVdDNNEGAK3kKHK2vW7RS8/7/n5hKt57fXFlIslpJSB86D9ndqWLVswDEEp10lMKOg5futT3/b8H1MIwAWtWfDmEkpKUywVqa6uDrQw8YvpZDIZElUxfnfXb2isEqDLWKoUuJ+lcEBpXpz/MvFUNX/5y18Cpyn6sRrt7e3Yls0f77uT6oS9l77tfT/7n2XZYcErfydux5g1a1blPD7IxqBYLFYKACUTCQY11qCVCjSGd38+6WpuuukmlJRYlhW4noHrumQzGWaefwGqmKOlPuVlKVW+d9/71v+stQZVJpMrcdu//BjbMCuaD70ZGwfcTr5SXs8Q7NixA9d133Gz7DZZ+gpB/t8XHAcErFu/Hq01J5xwAnPmzGHHjh20tbXR1NT0oT9PEHK5HDfffDOucrFCOH4wNFx47nle3mhj0ydmB+9TLpfZuXMn55xzDkIIWpuTiD4Hrsn3fNZaUyhJrrjiKxSLRSzbQvS49HSArpaui1MqIQTUxDSmkKFG9Wo0i1evJ1GVqASwBcHfyTtOESklTTUJDK1AG6B7E6n+3r7dta2i516bNncRj9nUVKcCt3nXeA2hNCkTEoYCLNjlqKuvCDRozYt/f5Oz056rOplMBpKHFUKQyWRwXRcQyFwn1fFRoHu7k99zP/uYKOa++gYXY1AsFt9TtW1f2wtUgl9TqRQdmzfSUptEShnGSU6FZSs3cvjY6ZVsgKCL1kwmQyadpiqZpLBlPS21NeC6YNo942N3PrhvK/cXFkKXWbVhOxOPbuGZp5/ZJ1XBA2onXy6X2bBhA0OGDGH79u2VIDo/yKi3l7/6Wb5iOYccegiHHnoor776KuvXrw+tROL+RmvN5rc3Iz+glnBvka7L6NGjWbx4MW1tbZ84Aw9eRbRcLsfhhx8ObpEB9dUoJT/gUr34N96llaKzq5vzzj8f13Urrvqg55dKKU455RSUVNQmYuhSttdt6tVlGJx57jkUlVtxxwYZc8Vika6uLkaNGo1pmgxsrMOQJSgXAvez7lH+0xrGHXEEOzu7qW+oD7ST9+uaZzIZSqUSquQSQ4DWuG4Z1y0H7mNRKqPLLis2rKeuro76+nrq6uoCFdPxCy0VCgUMoRk5uAVDFgON4d0vF8X6rW9j2ibNzc2BYwh8Odvu7m60Vjxw313UJEws+t7G93vWOQteo4zJSy/Nr4gk9dVjorUmm83S3d2N67rcdfdd1CWqQIGWIb2DrsvcefMwLYs5c+fsk3DPAbWTLxQKDBs2jFWrVoVzQ9Nke0cHG9ZvYNq0afzxj3/kiCOOYMSIEYEkOz8MOjs7ufiLnycej+Or2AbBEgY//elPWblyJU1NTZ+os3ifQqFAJpNBKcVjDz3MycOSoNzQVKuEVsx9cw2XnFHFpHHjidsxTAWm6bma1D5+keFt/hBSc89dv8UWgtFD2tCGhVDhnbt27zT4+g3fQZY9AY6ggVV+PvHMiy7GFIqWagNlxDGkDtxuDdgoOvJlfvCvd6AMqK5tCBR0t2tq5dSpU8GAQQ1xjF13YAEjvw2hKFpxLr70CsrlMo2Njb0+c90TfprihAkTcKVDje2ilEAQ3tgoG4LzP3s5JlRSK4O02VeczBTTGFpSmygTM7R3th1iu19espRrq2zq6rwg0iDp1lLKHi9PBlxJ0nKIiTwaEUrhImm62EozZ/Fyvup6yqa+5kO/OpPXWrNjx45K6k5Yl18icPXq1VxyySVs2bKFFStWeNKEH1OUUqHoQ+/OAw88QFtbWygVpA4k/N1wLpcjnU4DsGX9GlIxI1RZSoVg/sI3KSnDE8MRInDaYz6fZ/LkyWitmD3rGWoTNoZbDKnF3lh7ZdUaHGzuv+cB6uvricfjgcZHoVCgs7OTZEww96nHaa2rx5SaMLRwhAbDVby5ahnFQoE777wzlLr3xWKRXC7H8ccfjylLtNSFuwnQWtPV2cVXrr66IlkaRARHCFERlJk+fTqmltQlYxhOIcRWQ1e+zD9+9WuUpK6kKwfB1yLIZDIA1CdjmLKE4YZYmMYw0FYCB0EqYAYD7NrmNJYpaY0HV7DclbjKgzApiFhF2Km6uho/FfyDOCB28r5B9lw4nk73vu569kpPQNTy1as49dRTeeutt1i2bBljx44NXAFqf5DJZDjz3LM9+dqAGNrFcRxemTefF154gdbW1hBaeGAhhKi4YzOZDFJKGmyBqTSEJHLiZ34sWr6WmCjjCo22DOQ+ShB7VeW8Fzvd0ckXv/hFdmzbjBWPs+yV2Uw6ZTwuEjOMSVFKtFnFnDeXMBWTv698kwsPPziQMhh44zebzVLWNktee4WjTxlD2c0CYLvB9h0aEMrghZde56Qvxli/7i0OP2z8Bxbx+CD81ErXdVkw+ynGppIQouExDM3fl6xj6jSTX//854wbN65i5PuqtZ/P5+nMpLFMizmPP85BiSpcwwpnbOCN6ZWLNtE0RXPHv/6Ew4+YGMrCJJ/Pc81Xr8HAZWAyBa6ibMawA7ZbYmDpMlmR4kf/fgcxNPV1nsEMciziB+x+7ZprMYgxuL4GKb22mgFdrEophGHglDU/+487MU1Pfndf2nzA7ORd162cL+0vtNasXLmSwYMHM3LkSBYvXrxfv68vKKVIJBLk8+FU61JK4TgOP/vZzxgxYkSg/OcDFT9vO5PJ8KlPfYpYLEZDdRxDFkMLYDMMAy0szr7wMrSZIBaLBcqKcByH66+/3ju7ra9DK6hKJKgy3NCK6Yie9q1YvhwhNEOGDKnsIPrKO67NNDHhkrIFtlTEJMR08OlIaA2yxLJ1b2MYRmVCDLIw2XUBqJRi6cJXqUuEO3WKkuD5xYsxsOju7g6cDeBnMHR2euVfF73xGg0pG6tXgY29/45nXn8dJWLkugv75ELeE/7YqK9vZMuWLTTXJjBwsENUQty0eTPDR4xk584uampqAuvsFwoFuru7GdjaSvvWjQxoSGJJsN5Zj/cZwzBAKjbu2EbdyCF0dXXR0NCwT20+IHby4E0O5XKZcrnsBU/sJzvkAKvfWseYg0axfv16li1bxqGHHhpYeSq09jkOl33h89imRRivq43B3OdfYN6LLzKweQC2+Oif8cPGP3PNZ7q46LLPIVSOQfUJpBIYhHAmr70Vd9ZRfPXKqzC0xrKsfdo9+Dn6pvbSav7Pt24kZpjEYjFK3XkMoaivdnHLJUxhIkTw0aG0hdJFthfjlItFrGQi0Huwq5xtVVUVDoIBSRND9MyGWiKCuuw1KC3IOqpi5IPEEPilWguFAtlsFtM0abANhHRCq+IGoFzNkpXriAmJbduBdPbhHXW+Qj6DMBQNiQJxU3ln2yGMDZRGa5M3Vm7CQpCotQNJHfv4Rzlom9lP/IUZI23K2kCoMlbg/rZBO8xfspqDZlbx0598lzPOOCNwAaCK0p1h8PyTjzLjoEQlSySMMSKUw6sLV3DeOQl+csdPmDJlCrZt93pMHzAzul+968NwnSulWLVqFUcddRQrV65k8eLFPRG7H30uveu6vPXWW6He8y9/+QvDh3/8gw33F+8osBVIxG1emzePAbUJTFlA72Pmxp4u13VZtWYNJBPc9m8/7pPRMQyDXC7HNddcQzKZZOLEiZTLZc6+4CyEW2RkXT221IhyOG02ZI6ysPjNb/4fsViMxsbGQDt5IUSlyt/nP/95LMo0pmIoKUNpr1IKpRVFYfOvd/yacrlMKpXyig31MYvBX5h0d3dXpLHrqyxMVQqvzUqhzBhDDjoEiUltbW1gaVjf+1BX5ykq1qWqEOUChiyE0l6UQgjBwEGD0EBTU1OgokV+XEw+nyeXyxGLC/JbN5MQpldi1g1jPJdAlZnz+hJs2yYWi1XkbPs6t/uywd3d3WilyHVuI2mEOJ6VAjfG80uXETPiKKW8srv7sJg6IHbyQnhCAqZpVvTn99dO3sc1DBYtW8oln/ss9951N83NzQwfPvwjk8P1X4KFCxei44mAu3jl5SUD06ZNA2DokCGfmEI0u+O7kLvSaaRSzH3haS4/diRaKYR0EQH38q4hsFSZWYtXMNEw+NGttzNwaFsvJvF38q+FVAht8IXLLmVAQyNHH300pVKJ7u5uxowaS7lzK9Vxjemr84Xh3TRg+YY1TJryOd54cxENKU/opC9n2/4kms1myWaztLa24uY6GViTwCj70lVhoFm/YwcHHzealWvWVHbyfcX38nTmuvj6dddgKMmA2jhSG9hOePKwBYp89+bb0bpEU1NTKBkMmUyGf/7KN1AqT6sNrrDQaGJhtFtIstLk//77r8Atk6zqXW3zPd6up55BOp2mvb0dKV0aUlVYWnhlVglUPRsAJSQIm+Wr1+K6bmXRGiTQ2F+0ZrNZBIJGW6OlwAyhMFQFUeLvK9cipFOpx7Ivc/UBsZPXPe7NRCLxoRkipbx8+sWLF/OP//iPLF26lJ07d36k6nidnZ1cffXVod2vVCrxT1/6J0aPHk1tbe3HwlPxUeDXgW7f2UG5UKJeWSQwEW44/WGpPNpVvL5kJUAlNWpfdmq2bXPhhRdyzDHHcMwxx1BfX08mkyGdTuNol7t/9QsGhpxtgZa8vnwDCIOHHnoo0Nm2XxSlUCjQ1dUFwG9/9XPqE1bo5TjnLl6MMhPce++9gSPrlVKV9Dk0bFq/nqbqGFaIVeeUUizZ1EHz4BEsW/JmRc0sCH5kPZZm29pVDK2vw3QkdkhjGumwauNW2traWL58OfX19ZUFYF/xjxgmTJhAzIK6qnDNk6FNHGnxjVtvQwhBTU0N1dXVAH1ut18cbcSIEQhDU5cwMN1w47h0opbrb7oZZccZMmTIPi9aDwgjD2CaZqWKlG+AP6xr48aNHHnkkaxcuZJSqfTRBKYpTV1DPW4snJ/MUFBrJ3j0kUcYOmjwPp3x9Df83FyTGPFUnGorjVnOg1YIVQblBLpcHUPFIJOVlJXAiNsf4NZ0ey6FLUEXHE47ZSrHHXU0xx57LHV1dZTLZfL5PN3d3QhMEk4W2zYCt/VdV7nMG28uBSCRSFSqXvV1nCilKoqVAKX0VpIC0CG2WTksXLQcbdnE4/F93vXsjhDCU9jcmQFt8tf/uZMGT2Y+lLY6lDG0ZN6idUjpcv8DDwZ2e+9aqrUsFU889CBVCRNDlREyrH42WPD6QhzH4Q9/+ENFgjcIhUKBdDrNpZdeii67DKxJhDuepUN3Ziczz7uYbDZbEXYKcpRTLBbpzHVy+eX/gJBFBicTSBEPtd3pdBfnnP85crkciUSicvzUWw4I/6z/QLW1tZXAO4wPL62ts7OTcePG8fDDD9Pa2sqoUaMCK5XtK7lcjlNOOxXbjoXm2Hz66aeZPXs2LS0tId3xwGPXM9eZF5yLoUsMSVVVJsswENol68Kfn3uJWCxeKS3bG0488USqqqr4zJlnMW7cuMrOQ0pJJpOhu7sbU0rqkzaGW0CFGDjpSJO/r9uA1ppUKhU4GMxvc1dXF0ophtbUYIgSrrIIS5FAIVi+fidu2aWpqakSQxBE6CSdTrOjkAGtSUlBwrIRZRcVgs6qLQVSwJuLF2FZJslkMrDHxHEcstks+XyekpvFKhdIhlheFkAozcqtXRWdkWQyGbiGvC9GpbXm2b88zOHVsXDbjObl1Vv4tFQ8+uijDBgwgFgs1udYL98z1d3dhVsu88Sf/sTRqRimW0CFZBu01ry2poMTp5s89OD9tA0Zvs8ZUAeEkQcq7pWnnnqKKVOmsPqtjR/SN2sUkkXLlnLllVfy+OOP09zcTGNj44emCqe1pmwJRCKGLpchhPWNEIKf//znnHvuuSSTyU+kwh14/dDR3UVnJs1ph46lfeMyBtfXggwv1ej/Z++94/yq6vz/5zn3ftp85jO9JJNCCmmEkABh6ZBQQiAUBSkKioqr7n5RWXVXRdeCiq661l1dCy4qCIg0QwsJNSQkQHohvU76ZMpnPvXee875/XHnfjIJKZO5H90f6uvxmEfuTGY+n3PP59wS90GFAAAgAElEQVTzPu/2eklZIL0HIskIL899xTfyEfswdSV+Pl0YqJA2//2jn/DSKy9zzjnnMH78eJLJZOngEYQ2r7/+epxingEVPfR3unzjLrgWX/3ad/GUV5JqDUNZ6pOGdDL9qmuwTYH6iARjI3X4XiOpLYwEbVl84NMfI2Fb1NTUhCY6CbziTEcXntDEtcJ2ezbxMqRdHWkTcyQbuzUSqK9tCu3JA6TTaTKZDIlYihpLIYwHZcwTuwZee31lqW+7uro6lEccpMw6O/2Dw5bVizj/tCFlfQ6N8Ji/egvTgXXr1jFy5EhisVi/5zqorDcdOaQVZdtb87nw1JF4AqwyjNvYAuEKnl6yhvMtyabN2xgzdvxx14W9Y8L1AMlkkoaGBoQQf3GCGqUUxWKR5cuXs2PHDlz32B/ioWH//iAICb3w/Au+SEOZ2vhuvuVmRo4cSUtLy188KvH/J+RyOX73u99x5513YgN/+N2vqU5EysuqqKO8tHwFMZHg4x//eCnldCRIKXj44Yd54YUXuOiiizjllFNKebjgsyoWi3R2djJ+/HiELlKfSiB1sazj7sp7XPSua3Edl1gsFpoa1m9Dy/IPZ5yBm07TVJNEqCLGhE+/YQxaGzrT3bz7ln+kmPOV/sIysAVh76vefR3KydJS0SN7VaY5xuQpGsO9v/sdxpgSm1l/EOwxQT7+mmuuQRqHusooKK+sa8O1K7n/0ScxxlBdXU0ikQhlLI0xdHR0kE6n0VpTYWks45R1zI6rWbJ6DcaKHtTB0N+9WWtNd3c3re37MMqQsqLEpcLy8mUZr3Q0ntBs396K6ylqa2v7pXv/jvHkjTEkEgmampp6cj8KrV16OK6C3zrkmp7vw1wfeK2VK1fyoQ99iNdff52Wlhbq6uqOOl7w+9q19glsdE/byfEYVCEEHd1pvv7tb4OQoeTKhPHVqASGyy+bTldHR783lHcqgs9Fa42rPC6+9BI6shmfREVDo/GISqvUfXAs9F4tR3xPt8Drb63hffgeeCzRO3cZ8HELbAXp7jSrVqzinnt+xfQrr2DUyBMPeqiD8WcyGdrb26moqODx3/6WaclKjCmW9dS+av16BokKfv7z7zNp0qSSiEd/DoSlDoaOdoQtmf3005yZimIwPXN99JEfa541FpZX4NU1a7nSWPz6t79h5KgTS+1R/Rmz1ppCoYDneUz+h7PI7t5EQ8oCpct22I55sDWfYdjIkbR3dJWFnKVQKNDV1cUll1xCtruD5oSFRmGZwxvhvqzhQ7GrI83oS05if6dPKFNVVdXv8Rrje/KO1tTV12BbivqkRUQLysCPVELMiuLF42TzeSp76GzDOIvBQbuhvh4jNYNTlUjHRVrysNbkeOFZCltJ9uckUSmIViT6FZl6R3nyAHV1dbz44oucNG4cB6bPHOGaMlwf+D4ITW3evLmnzePolfaFQgFjDCtWrGD9+vWlUyoc8ASOBWMMDQ2NvoFHQgiPWwDKc5FS8sILLzBw0KD/s5bA/0t0dXXx6rx5nDvlQgraQxv/8IXxSOARwcNo3acv3YffEULz1s4upFFkujNHaNkxRCMRnp89h9///n6mTZvGiaNHH/bUHngQ2WwWpRRtW1YSwcMz9HncfflauGID2R42rzAhZOil1JXOYLRix9olVNgWQhm0MaHnWeo8eA6vrV5PRFq07txRFoOZy+XYtWsXnvB48o8PMSAZ9zfucs2zp3hj1TqUFtx7771lqazPZrM+OYsQzHzwfhqTfqVgmDV86Neby1aSdzUPPPAAVVVVoSOrgcDLu6+9FtctUheLAE7Z5lkrRdbRPPfqAirjBzz5MAhqH65593uQONRHVU9EiVBzG3yhFJkM/OGxmSjlUplKHXfRHbyDPPngxiorK2lpaSGb6cYSAtVzCvxLQFoWa9av47LLLmPbtm0MGTLkqCHMtrY2WlpamDhxIpZt8dTTTzN08BCGDh1KbW1t6Z6O5GkYYygWi0ybcUV5bsCAWyiy8NXXePmlF6mrqSnP674DUAozui5XXnUlruehLFDK10K48MIL8Zw8Ue2g3RxG2vilOqYnnnPgWiDQPYc/eci1wfTEk/wzvAFsKbjifbfhugUqq32P51BP0GjNnV/8AksWL+biiy5i4IAB/rsesi6MMSUPs1hwEcKQ0lls46GUxFPOQe994Noges70Rvg99+BXnIieuzIYZM9faSFZvHEbVZXxkrpYmA4MY0yJGtZ4LlWiSEQpjOOgJb5iV695PtzcBteHuz+Mh8Bi9aadIGSpgC1sGioI10tj6NjbSlVjA8p1+jW3h64jEESk5vVV67hKCzKZTGjvEoJ8fBrbstixeTXJ04Zhig4Ku99r+NB7XbjiLd4Tq6StrY1EIhFaj93zPLo69jKwpYX2PdtprojhuQ66NIfBfB5ung8/t8G1EjYxS7N1XzdjTZw33phXEgAKs54Dprshg4eS3b+JuphBeS4IecS5PdoaPnDt36uFYvv+LGNrqpn72nyaGhv7JQ71jvPkbdtm6NChvLHwdSaMPxnteUgp/yJfnjF4SjFm7Fh2797tty8dYcIDwy2lZMWqlbyxeDGnTZ7MqaeeyooVK1iyZAl79uyhWDx6v61SimwuW5a5swxUxBP87//+mlEjRlIRD5evfCchV8izZNlSJp9zFgXloYQv1YryIyvf+973iOAxKFWBEQqJRqKw0G+7Fj3X1mGuZc+17HXdmi3wyc98lv3tnahDnjhbQUTBje+6DqEN5551NoMGDEQijlhx7nkeHR0ddOeLWLg0JuJoHCzPe9t7H7g2PdcKy/S6xhx0f5ZRCDS2HeWk8y4AA1XV4b2egJzFdV0qYhHqE9LXNpf+weLQeT7c3FqHmdvgumBZkKzgjAsux2DR2NgYmmc/IBvK5XJERIQG25dp7e/cHu7aaIs3N+8A5VJTU1PyivtrfDzPI5PNsHv/HiyhGZiQRIxCIkOt4UPvdemuvdhSUllZSW1tbaiDiZSSdDrN/rY2QPKrb3+TumQUy8he762OMs+Hn9sD96rxnCJzl76FBTz62FOkUqlQ3QDgHwD37NmDEIaffv87NFUksIU56twebQ0feq+W0by8ZjUiYvPiiy+SjMX7NeZ3jCffG1VVVZxwwgnMnj2bc847lzXr1v3F3jugGmxvb6ejo4OmpqbDhlSllCUDHuTid+zYwb5du2lqamLkyJFs27aN1tZWBg4cSH19/dtOaUopduzYEZpxrTfOPPPM0oP5115s17sQ6dyLp2LZNqIihgNgwDY9nrFSNDQ08MJDv2FcMoaxPNDlS2Os2L6NQUhu+9BHicViJcMjpeRjH/wwHW37mXrhVEaPHXPMCnYpfZnabDbL1775VShkaIxYWMpFWQZhwj/SAj+C9PXv/8wvBkuFo1kNIlLZbJYvf/kruIUsg1L9pxI9HCw80l05vvSd/wYoMd2FMfJBB8PgwYNxdYHBFXGQLmVpb+mB4yrOv+J6orZFZWVlKNXLQMUtm80ycMAAtNEMiEcRuGghkSET3L6naVBKc9bUKzGuoqamJlRBJhyghu3OukgtGV6bJCY1wnXACmeIAWKqiLJs3ly9hoLnEK9JhT4ABoJpnudR8HJUxy1iRpWj4eIAjGDFxl0IIYjH46Wiu+OtMXlHGnkpJYMGDWL37t0l9rBybhjHwo6dO7Btm87OzlIY+HCTblnW21IJjlYUsxmWLFmClJLTTz+dTCbD66+/zpAhQ2hubi4Zgmw2yz9/5g605OCawn5CSsl3v/tdFi9e/DdRcNe2v42ly5bxpS9+CewISoMsLXkDKL9jwXFBG9YveZULJg4GN4dVhlY01fN5zX9zLZehWLJ2DTU1fgg5FYkz808zeeC++5h68UWcfPLJfQofGuOri2UyGbJdOVa++SJNKQnaBqmw3JDPgbEhkmHlNsUk5fHq4gVUV1eHlhDN5XJkMhmi0ShvvDKLofEKrD50qPQVntRsaG1jghXh5RdeCMV0F+wlAX/CbbfdRkQ41FpFhJfEKos0lI8OJfnq176N6mkRDqsCGbDzfepjd6BElgGJCEY72MoO7Sw4wiaq83QW43zr+98FV5Ry22HGXOrr7+5AY6iJegiviIMgWoY1YjBYStNGBTFpU1uZDJ0WCdZGZ2cnFZEkzcJvX7XK19YPWrAtk8fzvJKaYn9SZu+4cH2AZDLJuHHjeOqppzjttNPI58sjvHCsL6UUrdtbufLKK0mn0+Tz+SNOehB2O/Q1gkOBMYaFCxeybt06zjvvPJqbm3n99dfZtGkT2WyWyspK9u7dW7Y5y2az3HPPPQz+M/LUl7Pl5aitR0d5f8/zUEpxzXuu41+/dCfOEZ7l4PPIGBejNDXCIqLyKKt8m7jruqxq7YBIlGI+UyJmeeKJJ3j0sUeZNm1aqXK9rw9voG0ubYtFs5+iNpFEeBrLLcMOYzxcI5i/aisIwaxZs8oiexp0AyBg0XOzSCXLu/5sDK+s2A6qyJw5c0gmk6XI2PFuisHfBAcTYwxvPP88jVUJlCiUddyrN25DWzEe/9MT1NTUlDoY+ouggM1WFktfnENzNIlQBw6cYdBTV8babZvpKLrMfOLhUtg7rJHv7u7mhhtvxkJTQwbb8+WHywGhFekifPxfPo8xpkSSFGbMQV//e9/7XlyVozlioWT59g0Ajyg3feQTSClDcT68Iz35AA0NDZw6cRIP3f97brjhBhYsWOCfznq1MPw5IC1JS0sLb7755tH75W2LoudRcJy3GdXSdiwFReUxb+ECbITv0VUkeOmVV/jpT3+K53n+YUH2vxVDGg8hBC/Pm8fcuXOpr68va6i+d7tg0Ouay+XKylYViBOlUinq6+tLRrH3fQSFdVOmT6NYLKKNBOvIDIHBgWvqGVMomByD4r6saDwfgzLIcVoo3EgtY08/D5DUVyUZP3os48aN480FC7n6ihnU1dX12RAF9xcUsCUTUWI6T8IkfXIWDSKsXriRSA9eXL2cf7bi1Cb99qj+CtMAJQreTCaDVoqkmyHmJMrqYkhdZNGWbUhpU1NTQ01NTWhFtEwmQ1tnB7aQLJ39OKdOGIjQqqyEQ7MWreasgseKZcuZPn16qAK2IITc2dFBLmpY+MxMThrfjDYS23MJHQrUYCyXWW9t5exIJUtWb+TSaVOJxWL9XhvG+Ex37e3tXH7pFWT2baWlqgqhy1dMrYH2QpGLZswgnemmOlkZitgJDujeX3bZZbTvXsvQGhvLA8I+f72wob3IzZ/4PJkeh6+/NQTvWCMffEADBw5k0qRJPPTQQ9xyyy3Mnz8f5XkHNdSVHT2KeI7jHLGy3xiDhW80hBB96wAwsOqt1ViWxdixY3nsscf48G0fZunSZVhxEFIghOzpdNcg+riJGUAp5r36KkMGDSKVCJdDe9vLG5+wZ8v2baxftYaNO1rpbt+P6zooFf44blm+9npFqpLBLQOZcPJ4hg0bSSqVAgPa+CIim7Zs5v0f+ABFW/ZEUY69rXmexy/v+QUVlqY2bhB4+C/a8wvHT6dQ+j8jFJm8w53f/BaO9rjr7m+yad1mLrr4YiacNL5f2uyBBxGJRJDS0FzRU28ceH+9uz77QQthjAs6wj7HQilFMpksS/4yoCu1LElCuth4YKx+z+3bro1mR96APpAnDst0l8lkyHd34RiXWmmwtIuSCqmtUPQbRoBAAxE27e1GSItUDwlOGNY4ONA+F7UEdTFFhSX9g0nw5kcaXx/GrvHJaVZs3obrKixblPRE+ouAJKmrqwvXOMz8431cE7FBH2O8x3GtjOK1leu4zkpy112fYcaMGf3uFAnmOeDZl1LyylNPc3lEQrEIdvTw4+D4x754w3pONDZ33/1VLrvssn7zVLxjjXwAy7IYNmwYhUKBxx9/nKuvvpoFCxaU/r8cYapDEbAkHWtx25aF8TwsIfrEZRyk3ZUxtLa20trayr/e8WnGjx/P07Oe5fNf+IIfgoxFEPSKBhxrvEDMitC2Zy+nTZzUp7EfL/bv38/qVWuYcelUbFtgRasoF4260YAAofNoI/jd7x+kurqOVCqFqz1cx+XiSy+hLe0Tc0RE35a1UgrP8zCWJrdjF7UJgVIGLIN1uFNiX657fa+Bjdt2cVqyjlfnvsratzbwriuvYty4cf3y2IQQJS71a6+9FlPopC7m95ofFv2iiFBk8pKHnniGaDRKqqc3t7+eGhyQ47zpppvAdRiUlGhXY9m9Fshxzu2h11knxv/89vdYlk1TU1NoIx+EkGtTNUSjkgbbw3Oz2FbUf+MQ9BvCAMbDsyuoaB4EUpGqSpXqi8KMOZ1O09TYhFRFqhEIVezFrXGUcfdh7EpohCfRyXoisTjV1amy8CcEUq3SFmS3b6ZibG3PQ3/sMfXl2mjB/HVbuFHD8OHDQ3nFAbq7u+no6EAIQfuGNcROqkSb2AESrRDzHFzP27CVm7QkFo+FSpm9o41879750aNHk8lkeOaZZ5g+fXrJ0P85PHnXcdmxYweRSOSoue2gwt4Yc9zjCO6tu7ubN998k8baelYuXsr+9v1cNGM6QkqsaK+Hq3QCPPwm8fLLL/P8889TU1NT9qr6gJJy5+btiJjgx5+9g9ObND5d6UGDO+Q6+L+jXxtjsKTkxzNf46Hn3yCd8VXj0uk0X/rWN5g371WEFFSmUn0Z7EHfOsUiFYkkP/3J97htlI30fIKSvgcLD+cO9VxFYMHKTZwZi3PPPb/ipptvZuzYsf0OySql6Orqoru7m+HDh2N57dTGLDzX6dfrHQ5SSLZ2pZk4aDhLly+nuro6VPV0EI7NZbOMGDECihka4zaWEXilVFdfno5D57n3z2FbWjB27HiWL11cEk0Jo20eiKW875YPIYs5Gm0LW2iKKo+tQ26bRmAZj4x0+MZPfoarXWqqD3AR9HfMjuOQzWa59rprEbZiUKoCz+tL+PhIc9v7/0FYhiIRfnDPQ4CfLi1H0V13dzf5fB4lFY0WeDqHOLTX9LhxYEwyGmX5tnYk/jNUXV0dWmgpl8tRLPr1GY1xF9wCDjY2hz6Lx5rbg2EAYQS2bbN2RztCSGqq/dbK/gotvaONfG+kUikmTZrEihUruO+++7jlllsO8ujLgSDHfPJJJ/FfP/kJ55577lEfykgkwvz587n00kvxPI+FCxeWlKv66klrKXC0QmvNC6++gpSSOc88R7IyyWmnnUZFRQWWbUOPV6QP85FGo1F+9rOfcckll4Q+wR4OjuPQ1dXF9tY12DLJgGieM5ubiEuF6aNXfTR4RmF7Fl/VAiuZoOimicSiXD7jCnIIoCfsK45diyF7N7m4CssIpNFUmxxxWYPV5/hIgEPesTd1qOexYOtWPuYUGD1qNENbBoUueCwUCr7XIyV3f+Yz3D6+BluWsXHHeCxau43xlubxxx9n6tSpoclZstksHXt2Y4Affv1zfHBQNUZ42KW1qnrc26MO7LA/1T3tbPNWLWKcsPjjUy9y6QVnhS4G83n2M6Tqa0hvXkVNFRgZJ+ZqhAyZLzYGT0TZtGsfEwa2sGz1WyQrq8pCZ9vZ2UljYxOifTv1CY0t+2JgjvE7PWvaMS6t6SInDDiBpUuXljjrwyBoUxw+fDgxbOqiOSyvAhm6TN1ATztpUXv8v099Cc/ySq2VYWoIXNels7OTEQMH45puUtLFphIsB/ttRZPH5955wmAri6IQ3PqP/4zRKnRr5V+NkRdCUF1dzYQJE4jH4/zkJz/hjjvuYO5r88uSFw7gOA719fUAJdakI40nmUwyfvx4nnzySdauXcvtt99OrKKCV+e92q+itMBALFu+DIBVy5ZjWzYtg1uoHdjs52kjb/9IY7EYTU1NNDU1lT1MDwfCsR/40EewhWJwpUE6HkKqUDS8AWyZR8kaPvtvn0dpxfe//wPuvf93/oElxCEiEPxxdZ6amI10HbQVcn56cd5rK0qH8ue/rq6uX5SUB710T2izo6MDpRT1VXEiwkPr8sWrpHJ4Y/1uPihkaQ2HORgGBWx7smmMBitXoMqO4FHE0sFc6z4Y+SO8Pn7Hy2urt3GrFlhCh26P6t0NoJTilz/6Fh8dncQUXKQRaDucARLa4Fk2r7+1jYlC8Ic//IErZ1wZ6gAYtFb6dLbww7u+xq1jrPIUv5bWtMuLS1r5qAUPP/wwl112WWha7CBicvPNNyPyndTGLVxliIjyjTtf1Fz70X9EOb7+SZjnMJCX7e7u5pYPfBjoYkC0EjyNKwUy5Hxb2oAWdKgc19/2CYpuMXQ07a/GyAeoqalh/PjxxONx7r//fm6++WZ2797N6nVrQxs4oTSV8QSe5zF0xHBqGxuOusgty6K5uZnzzz+fkSNH8vzzz7Nhy2Y++MEPUp2s5PXXX8d1XVxzfIIXwaY797X5AKxc/RaJigTnnHMOrtONbdtY0QPjeuyRR1m0aBGpVCpUbvVwOKg6dvrl5DtbqROCSETjaQNvC18dP6Rnsa2QZ9p7rwMRIVmTQgpxnIEwH4G8q9YaTynuu/c3RD1BvZ1BUQuhN8UD9+vlBb94+FE8zyu1wIQxPp7n0dXVRTqdxvM8BklFAoFXxt5cZSJs2N+OZwSNjY2hmcGCHuh8VztKCIYKB6XyICKI3mujn+eUonSImzhbs1Esy5CqsqmsrOy3wQwq6wMugriUNCYgZoPBxTueYpgjvokg7uR5beNmPh5NUZVMUVWZClWl7sv4pv0CRyAVKVAl69C6HKkc/zVsV7Fw/QY+bEsSiUS/FNF6I9g72jo7iFg2sx98nAmJOBGjytSZ4497eWsX52vB7x97kAENA0J1MFiWVUoVFiKGub/5PRMSCmNspHLRIQTEACw3QjGWYeWaLBdFLR578jmqqqpCUUr/VRn5YBIqKioYM2YMlZWVzJw5E9d1uerd7+Lll18G+h4qPxQRKTn33HP5yte+yjnnnUdjY+NRJ14IQTQapa6ujurqagYNGsSJY8cwb9489u7cRX19PZdffjmtu3excePGfudcli1fhtaaRx99lCEDW7j11ltZvmY1wvYrpP/rv/6L66+//s8mRpPL5SgUCigBzz7yABelKssaPcEYlm3YwbBYBWedcw5SilAHtmAjdz2XCy64gL1b1zAwFkWhkEdQ6uoPdnYWaW4Zxt69e0s90GHG7Lou2WyWSy65hFgsRrVVBC0xZTy05XWM697/EWyhSSQSoXOugfGZNv1KbJWjOeHT+CJA9SmUfHTEtYfyKrjyfdejDTRXloeBLZvN+m2YFKjQLkKbMAKQh8DgacOefBStdUletr/PfzDmTCZDJpNBuS7VXhHp5fHCRqZ6QZoYmzIZVFHQ0NBAKpUKbeQzmQxdXV0YY9iwdD7njOwhzzXh94+Ai2Teyq2cH4mybvVqRs0YFSqVE0Sm0uk0lrDYvGwB542qQiiNLUD3MyJVen2piXo2czfuYIqnWLpkCdMvmxbqAPhXZeR7IxqNMnToUFKpFGvXruV/f/krbr31VqLRKC+++CJAKT9+LFjGDyudP306H/t//8y5Z53NmJEnUlN57EKv4EOxbZva2lqqq6sZMrCFtrY2du7cyf333097ezuf/vSnyWazzJ8//yBjfDzdAZs2bWLLli386xc+z+jRo/npT3/KqlWrqK+uoabygBdfTm8+8Hq6urowHuxeuZiqYSn6qNTaJwhP8cb2LVxrWbS2tlIzoBEsWfLKjwe+XREopTHaJ8558Q8PclkcIrq8qYwFO1q5NmJz7733cvbZZ4dmjSsUCnR1tnHJFR/AeF1URSPgQciUeQlKKTJuhts+8R94SocOE8KBVqMbLrsOU8iRNC7aaKSgLOxgShraPZfb/+07RKQgnvIPU/09BAbznE6nueKKKxCeoCki/LGWychr/IrvO+66C9d1qaqqCl3cWCwW6ejo4IorrgABjZX+AcIqV4sL4KH53Je/jV0hS2p5YQ+A2WyWQlcXe50sdSJPTFcjcULPtQG0KaB1nOXbd5LubKeypi40PXNwMEmn00SBluoYUV1EWxLhN+aEghIKqQ1rt2xBRCuoqa4KrfL3V2vkwQ+t1NXVcfrppzNgwADmzp3Lxo0buemmm0ilUixZsdxn4ToCArKUgQNbOOmkk/jkp/+FM844g8mTJ9PS0tIvJi3L8jmqU6kULS0tDB8+nNbWVh5++GEWL17MXXfdhWVZvPDCC0SjUTx9fCdapRRtbW20t7czefJkPvnJT7Jnx05WrVrFiBEjaGxspKKiomyGPuiBbm9vp6CyDJQWnu1gvPJ5xEIJFq5pLbX+SWmFGn9Jkc5zsW2bjq0rSYxN4nqqjCoBsPCtdbwHP73TX97p3mPO5/Nk8jmkgvmPPMmomI3WWTwTrmArgGVZrNq0jQtjCX78w7uZOPGM0NSwgbY5WLzy1KOcUhspMQ2WA0p6LN+0mwuU4he/+AWjRo0KTc5SKBTo7u5m+vTp5Np30RSP4KkykMkceBd2dVtcNO0yhJCkUuFC9aUDYFcXM2bMoJjL0JyUKAOUUaFzTz7GZe9+D55boKKiomyV9fFkJTUxTQMKy81TsDWWCl8gbGtNIQptJklVXR1VyYTfYhuig6FYLJLJ+HLRnpMnms8BFWVTQhUCFJIdeZ+HJVCA/LuRPwqklMRiMUaOHElDQwPDhg3jjTfeYPv27WzYsIFvfvObKKPRQGtrK137faM/aNAgGhsbcVyH7/3gBzz+5Eymnn8BEyZMYOjQodi2HapFB/xow8CBA2loaGDEiBFU19cxafLpKKWYN28etTW1zH3ppbdRufbFuw820ldeeYWYZTN16lSKxSKvvPIKo0aNKhn7/pJvBAhO44lEgng0TmMsh+00o6x8v1/zUORFlMuvvQlXGOxolCgSQRQ09Nf5Vp6Ho2xcVaQh6oGxiXoGVUby6QVb9iNxS+QsYdaM1ppcLkdXLoMwgsWvPM3EMXEUFrIMoWn73PcAACAASURBVE1pJFJleHVjN2dmuthfyIXugQ6iPMViEcfzWDlvNucNtqAM4w1ge/DqujVMkZK9e/dy6qmnhspf9s7HCyGY/cT9XJhQocVdDsXCnfu4Wtv86lc/Z9y4cWVpU+x0ujDS4rU/PsCZMgHGV8wLC2k8lLJYsGUH77Fj/Pi/fsCksZNCd+oEBbvvu/F6YtqmKeHiRJJEPAFlkHrxRAJX5Xlu2WIMitqGAaHnOUiZ3XjjjdhGUWd7oNyykTcWLQk5zStvbUQZSTKZLPFUAH8P1x8JwcQE4cfm5mZGjRrF+PHjeeKJJ9i1Zzd729pwHAftuGitsW3bz3vWVHPiiScydOhQThw2nJqamrLltnsb+9raWi644AISiQSO43DeeeeRz+f54uc+z6233sqGDRvYuXMnluVXzB5PyMnzPObMmYPneUybNg0pJc888wwnnngijY2NpR7M3mPqKwJBjH/5l38hUixQGQVH5pFlFAxytOFTX/0GxUIhVNFMAGMMSivOu+AMotqlMSIRpogRElOmxKsxhn/87L9j21ZJXCLMYUpr7UdMutJYxtAULRDTCWxt8MqQ23ZljpgbYeHWzSQqk9TaiVAFbAHLY0DBi3SpNxodAaHLF+VRWrG8tQ2tdam4MWybYqANoLVm97JlJIcfXS/heCHQvLluJ++yo7S1tfVbeCRAcDDZ196J9IqsWTCHi4anKIoiImxPP/5aFsCSjXu4Eouu9rZSMVgYBEx3LYNPYMfmJdRFLSxHYRuBG9pqGgyGrR0utUqxaOkyqnoEgPoLIUQpNTl8+HB2bV5JQ4VV1rUR9VzWd9mMlob5c+dTVVUVuivnb8LI90ZAYJNMJhk8eDDFYpHOzk66u7v9/FChgDEG27ZL8n61tbWlzePQyT7Iw+6hsLWs4w8na61xHIdYLIbjuUQq4liJKP/5ox/ytW9+g1QqxYoVK0in07zx2gJMj8Y99OSfjtJKpgGERERsZr/4CqC54IILSCaTPP300wwdOpTBgweTTCZL99gXNTQ40JubSCRYPOcJBsWiGOMiypjf3pzNMTlSxX/8+HvIWAQlwy1cz/NwXY/H7/8tTtGjLmYRcV0wUUTIwhm7GKEYy9GVtfjIZz9A1imW+lzDIMgTp7TAWC5NlgE3j5ISocJ7axHPX0PjzjkX27KobxwQ2pMPKHh3795NTFlUxbJE3GpUGbzLAIIYw/7hTKLRKIlEgurq6lBpHK013bksRdfBlha1loPEKssc98ainduQrk/aEzYcq5TyD1KZHEXLZnAsSjGisDyNKENxjCKCJdqZ19pG1AgG1jSHCnv3pobNZDIILGbd8z/c1JAErfEwiJCOvAFiuot5q3cyUSZ4btYcLrjgglBpkYAEJzgAPnLPD7m1urxrw8Iwb8dGTlQRXnrpJaZOnRo6YvI3Z+ThQG4c/IK4IITTW+UsoK4Fjlj1GiyWYrHI3r17EULQ0dFBQ0PD24gijrWobNsm257l61//Ols2b+bW97+fG2+8iU1bt5S8+7Fjx5LNZtm6cRPRaJRZs2YRjUZxlYc+rodZM2/ePIwxTJ48mcbGRmbPns2QIUNoamqitrb2mJW+AcVqd3c3+/fvxxjD0uce5+RG0eM9lG/hz122gckIfvSDH9DQ0Bi6st7/F4zj8dyD93BmNIXUWVxZhqxrJEdEC5bt7+TSeAX33fsAw4cMDhWBCMKE6XSaz9/57wjlMKiivNTEAs3+guGu7/4Ex3GorKzsN9FJb6nW7u5u/vM//xOjCwwSErQDsnxdHkWi3NWjex8IF4XRYw8iU7Zto1yXWttF9jDNlysjr7A4c+qlWBGL2tra0HS2wWFKRiuICU2l6STi1SMFhCaOA4wwIFNMueRShPB7zcPSBgfsjfv27UNRQHd3YNdXlG2Sezj6WLFlX6nYOJFIlJRB+4MgYpLNZrFtm1S+QKKuh4yrTDBekQXrd3GbJUq2KczBBP5GjfyhCCbveCdRa01HRwfRaJSWIUOY8/wcLpp6EV3t7Sxfvpympiaam5tLG8/RPighBC1NzTTV1XP6xEmsW7uOf/r4x9m6dSvvec97uObadxNPJOjo6OCU004lm82ydu1ajDbMfXXucd6xRAnfoi1athTP8xg5bDhjx47loYceYsqUKTQ3Nx91PgJJ10wmgy4UcYTAMvuwRB1WwaAi4ftzLSUoRmKs2r4TIwUx2y4dPvobKAgeeM8pUowm2bXoNaoGOChjI1X4MSvhYnmC+et2MtWz2LVrBxPGje23uESAIEzoWhE2L5lFtbERZRjvgXFLtuU7mVQ9kFWrV4QKEwZzHIwZYP3yJQxMSLQlEF75xr1mfzeTUo2sXLWKZDIZuhugWCySzXTx6X/5HLbO0yITeNpgq/AV3wXLJuk5dOhavvGD7+G4pqTH3l8EhYLpdJovffoTyGKWKglQRBvKs0Yk7MvH+fJ//jdGa2oamkMV7waHqXw+7xfSWlFqYg5WGdM4BsBTrHULJSrbsPwJQTtoZ2cnSilqLYE0HqaM7cLCKbK2SyEQxOPx0Nwa8Hcjf1wIwnlSSrq7u9mxYwejR49m/vz5dGUzAMx6bhYxy2bKlClIKXn22WcZMWIELS0tB1ETHu7hEEIQiURKUpmjR4+mu7ubPXv28JUvf5ltra1cffXVfPGLXySTyWDbNnPmzOn56/55zrpH0nHEiOHcf//9aK0pFAp9lj5Np9NoBJZKk/IccPMYUR6mLakFWmuWbm1HuAZjScLmv7T2FesKxSLZTDcxtxMpK8tW7W3h4pgEq1s7saSkuro6dNgb/NBmZ2cnljC88MAD3Fprlz67csDG5rlFazlZuzz00ENMmzYt1IYIlPLxkUiE5x+6l4/U2SjH9PjF5cHzi1dzimXx7LPPctZZZxGJREJX1rd3polFBW8+8yRDKwxGeWgdPsxja42Wgu3t+6mSFbz03PMlGd/+whhDLpdDKYWdSDL/2ScYUWWXVeYZY3zOBzvKawsWUlFRESpPHOyjXV1dXHjhhQgnT6MBrV3K5xUbTLSGj33i06WOpnJwPnR1dXHNNddgjKFW55CuxC1XDytArJoP/dPtGNcti+49/N3IHzcKhQK79+5h8JAhDB0xnGdm+UbWJyTxP4yCq3h29vNYFky95GJi0RhPP/0Ug4cOZfCAgSWBhCNFEILvI5EIdXV11NbWcuKoUWSyGTZt3MSnPvUpRo4YybOzZuNrzB0v95sBFJ6nmTz5NAYOGMjn/vWznDTuJCZMmNAnvfne7STXXXc9+Ww3wy2JEQ45EfEJTw4Z2fHI00hjKFhQ9Cyenvc6WVUkHouViCz6a+qF0kSlxZiRo6mIS1qSEVC6DzI5h78PycGqtMqKoGybLkuiBCTjidDh2IDoJJfLUSgWqHQzSBFDKH1ERdxj3ceh1xrF0t2d2JbNgAEDQuVc4QAJzv7uDhzPpbKwD4UkXqjAjbiHHcfh7uNI8xz8fEl7AUv4aoLV1dWhiE6CyFR3uhMMvD7zEUYP0hijMNofbX/mNriO6DwiYXh+dSsnC4tlK5dw/oUXhCoGC9bGzp078bB589k/cWqTwijd7zV86DqKWppZa9cz0QheeuklpkyZEmpt9G75mzZtGiq/l5YYCM9C99DZhplngc+SvLGY4713fJhCsVgiHAqDQqFALu8wfvJpRHMZWuJRiihkT06+P3Nbev6EwjJRNhc0t37yNgraCc2fEODvRv4o6O01uq5bCj0OHjyY52bP9kPwpQ2l18bS8zOlPZ6bPRspJcOG++HwDWvWsn79eoYNG0ZtbW0pjOv/2VE2J2PQnmL4sGEYSzLruVn059Trn/A1ti256srLeeDBB9iwYQNTpkzhpHEnMWjQoD55FoEHkU6nGTFyJLnujdREoqA0lpQHte70vqtD7/DI/2cQ2mJXXjFu6Ak8/vwLZSH2EAgK+QK/ePDnJLRLnVEIIkccR1+ue4/KGEPW1fx+lk+4VNXT5xoGQW67WCwSj9nUa42lHUAe9N59ndvDXSuj2bi/CNqvSUmlUqE15HO5HK4LUQHVQiHwQMQ4zBNz3PMc/Hz9vgxGeaRSqdDFjUEHQ0dnJ1obqkWeiExgKzfU3AbXylJYecXiHe2gFMaYUOQsAXK5HLmcL9VUU+xAYh9xXRzP3AYwRc2y3fsBSl5xuXj2Lcvisd/ey7kx+bZx9HXsh782vLVjH8NMlG9+8xtMmTIldAFbLpejraOLCIrnH7qH0yI2xioilH3UMfXlGRWAFIK3Wvcy1Erwnf/4BuedfWFZBMX+buSPAWMMXV1dbNmyhZMnTGDe/Hl0dHVhWTaepzi6oRUl4pZNm7awadNmJIarZlxJsVhk4cKFnHDCCTQ2Nr6tyOlQg79v3z6am5tpbW1l2arVb+ud78OdACClYOjQ4Zx00hi++rWvMvyEE7jk4os5acxY6urq+hTqDN43l8v1tEfBL77zdT5aEcfCQSjlF+v0zMGx/bTg/TSlR8IYIsaweMtuRnuKO++8M2TYyp8vTyti0ShjRo/Gad9Cc8T2q/B6v3epzOrYYxdGHHSvynPYl4fRzUN5fcGCo4oY9RVBK9rpp59OsdDNAEsgjYsw0eOYZ3PI/R18r1pY/GH2XLTnUltbG3pz8TyPfD7PGRNPh0wHtdLDMgIt3F5Bp76vkd7zLI1BCYGr4DcPPoLrqtDhWGNMySs2xj88Vag0lhfBMqbHwzzSmjj63Aa/p4XAVhHW7O/CGGgZPIiKiopQRj4oyMxmswigwcpje1UY4R1lvAdfH7qGD/0dYyK0Zv3cfpAnDpvKKe0dBra++SbTh6met+1t9o6yPxx0ffh7WrhhGxcriWVZxONxotFov1M5wQGwO5MmatlsePNVzhkQ8TkfzKHR1L7PbXAtjUCZAgve2sIlMkpHR3voaFqAvxv5oyDIh48cOZKWlhZmPv0UlmUhpY0xhy6ww8F/yA5U7Fu4XoGnZj2LKjrMmDEDIQRPPvkko0ePZuBAP5TfG0op9u3bR1NTE6+88grZbBZlJFqD7HN/tJ+79TyPK6+8kgcffJAHH7yfU089lcmTTmXAgAElwoW+bjiBIlomk0HYmnrHJZbIY4yFQPVXVIwSCYYRaCvHGxt3cUM0SaY7TSIVxutRGOO352SzWWwh+dbn7uCfBtGLTKZ3AU3fb6D3vVpS8PKabYz1NDNnzuTyyy8P3dsfeD3XX389OrefKquIUFGEPN55Vke4NuzOKOoHDWTX7j3EYrFQBjPoJ+7o6OC9170PxB4aoiC0hRJg9ZMMJ7hXYRykqWCHJxl3yim8tWU3tbW1xGKxUAfBgOnu8unTwSsyuCKObfzUgs/7cLTJPvLcBpBulCzw4OyXECJCNBotcdb3FwE5y4wZM8DJUx8xSK0x8ljjPRhHW0fd2PzmiadRnqKpqSl0ZMrzPDrTXbSnuxDAkFqLhFB4QmId03E50jwfDAOsyReJSqvUBh02MpXJZMhnOyg6EHPyyIiF7QmOVWPSl2dUGxtbFFi0O01MwvChw0LJy/bG3438YRAUOdXW1jLyxBN5/LHHiEajh0z4cTxAIvDM/f57pRS2bTNr1iyMMZx51lk0NjawsKeopaWlhZqaGowx7Ny5k2HDhjFr1iyUUmhjQAik7H0SPDq01gwZMoRJEyfxmc9+hpNOOokrrrjCZ76rrSst/uN5CA7yIDyoUnmE0XhueYghBAIlBJv3+720Wmss2+53Lj6AweC5Lq7rMDRVSZWV9sfc9+k8KqyIYtGmfWgnRzKZLEtoM1D5syyLX9/979wQi4CSPVSr/cBh7nX51nam2lH++NCvmHzOOaHFdAI5TiHhp3fdyY2RCoRXwJMaE5ICVFgK25Us3LKHEbFaZv7pt5xxRjgGtqDGpLu7mxlXXQ7pLpoFaHWcFLxHWUfSKPYX4ISxp7B25cpSAVsYFIvFUm5bFjMMQJLTWSKqfFt7R07TcuJENq7eQF1dXWhCmSAyNXDAAJxCgQqvG+26uFL21D705YU47Dwb4RtVIwQjTj4D25KlfHwYgxmkzJpbBhOPCAZXCnA8LDROObgIhMYYm8mXXoqRgpaahtAHwAB/N/K9EPRutrW1ccLIEcyZM4dsNotlWRRV+SqZIfCtfcM6b8FruK7LuFGjOfnkk9m7dy9vvPEGAGeeeSbPPPMMjvJ80hute/31kdGbwe6qq65izpw5fKMnNzV+/HiGtgzqV1tX0LPd3tnBF7/yZS644AKkVNSbPLaIvj3pFAJZJ8pFN763h2XQRlgSjUH2w1uTxj84aMti+vTpSCGoUlkUBjt4kMoxdq3Zq228SJRkMhk6TxwIYnQXMhhPo7t3kqyLYhkPEUZh7JB7fWXrLq6MR+gquGWh4O3u7qazs5OC8Ii2tVFV7wA2Ma0g5MalAWSRRVu2cpP2SOc6Q/cTB3nizs5OXGX42Zc+yQeq/IDwcW+0R3h7xzi8vGUf71eGP/3pT5x33nn9Zrrr3cGQyWSIRCJ895Mf40PVEktEsEOSOvXGC5s282EnwiOPPcLUqReF6mAAPzKVy+T5xw++l4gtGWCBthJUKIE+HvbGw7y9IyyiqsjeQpwvfuNujFLU1taWRQAonU7z0Q/egnC6qde+5r1GYpdh3zDC0F2M8pm7voM0hkR9Q+gDYIC/G3kOfIibN29m7Nix5PN5Zs6ciTGm1N/+50IgyRqJRNi0aRMbNmwgFotx+eWXI4TggQceoKKiAi367mgGRDVNTU2cddZZ3H777UycOJGLL76Y0aNH+207ll363b4gmCOlFNdeey1btm1FA1/4whcwuW4GRgxa6bIZectoOpwEt3/jy3ieh5RWaJ79s88+G8u2uPGaa5FCkHIy2CqBLmNLV6bo8ZHPfY6oE6WxsTH0adxxHL/AsT2Nq7M0GBfb03i2B2WgLAXfKK9rL6ALisraVGilrsBTcxyHuLQYGPGZIMvV1mWEh2skWzsVViRSUncMy86Xz+fp6OjAlhGqi11UlKkVNIAQhjc37uMDwkNKWaKz7S+CGoKOjg6/pcvpoC4SwdMWmvJxESzdvBdtDForEolEKApepZQfKe3qxLKgddFcGmwLdB5touj+SEv2QlQLDJrNe3cxuXk4z8+cRTKZDE0o4xeRuqAlaxYtYmisXJr3Poz02NmpGVPfzNy5c0u06uUQEfubNvKBiMvu3bupqalhzJgx/OHRRw7qZf9zGvjeMMb4wjOWpOC5PPzYowghiCUrjkuqwTLgFItcf8MNzJ0/jy984QtcOvUiJk2axIABBwQa+toHD36oyhjDxRdfTGcxRyQSIZKqINuRJiot5s96gpExC6WL/bjzw8MTms278gyJVDLjsunYto2U0VIh4zH+unQlgKqqKr711a8zd+5cop5m0uln4eV2M9iSOKaI6GuIsA/o8BJMu+FGcp5TEpcI86AGXR2nnXIyJmIxQBQpWBLbs9Ei7HwbXFEJIsuE86eCnaS+sqa0kfcHQojSwWT06NFolSfmZlCqjEQnUmK0ouWUySijqa+uCV2lHrA3ZrNZJBArdhLRSTxTvgieNjabnCxGRYjFYqFDyEop0uk06f0dOLhUWQZXQVR144SebkNURchGLFZ3FMibNFVVtSXWuDDw+RM6EdTwxH2/4IPVBrto4VjhDya20WiheW17N6cWHGbPe5mrr746dGQqm82yb98+dCTKnPt/zQeqJUqVb7+LaJtnN2/hZGEzc+ZMrrnmmtAFuwH+Zo18kDfcvn07w4YNKwm4lNPjCINgwzresbQMGMhZZ53FP/3zPzFh4kSuvvpqxp44ioaGhuMSoQmIQSzL4rzzzkNUxHBRpRNxELaPRqMsf24Wp9drEKJs0XohBIs27uE8JCtWrKCmseEgquG+wPIMzz71FPfddx/ZbJapU6eyatnrJKTmT7/5NVNiPRXPZTgtB1izs5tB0Wp+9B93c+Y5Z4euUg8M5vTLZ2CrDE3CIm4EjvTTD2FhG8E+FecbP7+HojFUpWKhC6tyuRxdXV2+Hrubp0UcnSL5eGEbwxbj8qPfPoE2OjRrHBw4TJ177rkIlWdYVQXCNYhI+cZtJJxx1S1oyyspE4bpBsjn86TTac4++xyE7qJR5rG1QckIQoQ7nPQudD/7ihuosOLU1NSGJnYKWm+7u7NIYag0vgyxX7gUfk07lks0H+P1XWnuiEVLUq1hUgy907jKUzSrTiJEEKJ80RLPUby+qxMjNU1NTWWrrIe/YSMPsHv3bkaPHo1Syi9q0xrL+AtRyzIml/8CMK7H9ddfz7JVK/n6t+7m0osvYfz48QwZMuS4KqWVUjiOg1KKC6dfipQSLyIxngFhI3s8G6U0nufhOA4JVcB2HUz4lk5KLYlGsLHQDVojKmIYSyB7nXfeTmurCWgnYkby1FNP8auf/4LFby7iXVdfQ1NTE6tWrWL39h3kbEn6rUVEquLE3WwIfm9B0MajhCJakLy4cRtT8FBCU11dHbqyPqj4jlVWsemVF6iNuSiiPR0BYek0DZYp0pEtMtjAkkWvYcWToQoFHcehs7OTPXv8Kv3nf/MLxidtRKmiXhO2wjEvHNZuMbSoAr++517GjBlTFqa7fR3t3HTd9VDMUWcJtK0QZfHk/TXdmXf5ynd+gLIo0Qb3FwHrZltbG+97/wfQuzYy0FJgbBBFRL8jkP5YpXFxibEno/j6T35Ipiiprg7P+RDsL9lMBi0MNYU8MRPBkyBN+LWhNRhLUDAuCJtUj/JcmINJNptl//79DBo0iLi0iBf3g6jstabDwB+XI2K058H1DA0N5Su6g79hIx/Q0z7++ONs2rQJrTV33HEHtm3T0dHBrOfnYNs2ruuWpY3hzwWtNclkkqvffS0f+9jHmHDqJJ/YZvQY6urqjik00/t12tvbWbNmDZ/+wr+hlMaIAzUDh0IIiMVi2LZNvV1ECIMqS9j7wFjjsRiyr8VlBmxlWPDaAr717W/x8ssvc+MNN9DS0kIkEqGtrY2tW7dy9fU3ksJjaL4Lq8qgjab/gZsDY9VC4RHltZ1dSGVjV0apqqoKvXZc1yWXy4FULH5xDldHor0+k7ARJwPGr6PwPI+9e/ciZSTU5pLP59myZQs7duzAsiy6ls2joaJ3RCr8Rh7VmoeWbOEyK0GhUCjLYSqXy5HP54lEIrz62COMEi44Em2XI6rnr5NV+4s0Sosf/fhbTBhzeqicay6XY/v27WzYsAEPl9/ffSfvidpIL0ch5iF1f73AnvEYiTR5ntywn9sKHnd/97tcdtHUsnA+5HI5xowZjWUpGi1Z1rWhhfb59Wv8VuQwefigvqS9vZ1169bxyU9+kvYNyxgSg4jjoMpRcdcz37tdxbNvrsWSklQqFZolszf+Zo28lJLBgwdTWVnJuHHjaG9v5+mnn2bbzh20tbVx7rnnMuXCKQgpeHH2HDo7O5GyZ0FK0Yvp7v8QnuLqK69ke+t2PvfFO7lo2qWcdspEBg0adMzce28FvXw+z4c++hE2bdvq69UL+5gV0K5XZNKE0xAmS50qUogoYuWQvOrxToXRDIolwTVEPINQBnqFIIMiXCEEqVSKX/3yl/zp0cd55NFHuP7d1zJ06FDi8ThCCDKZDFu2bGHdunVcduU1/PHHdzO5BqLCYIxfx9A/mNJ4EYq8FeeXs14iImD0kFFUVVWFflBd18VxHMBi09o12Cd4B7EJhoMACtTKFLaIMeWcc3jqxZfx+tHiFmyIO3fuZNP29fzrV76GynaQyuzCrkigyuD12MrClSB1itjEU8i6HhUVFdTX14dKiyilyGaz5HPd5Ixg8fNPcEYqjhCZEGvjADQeRtu8tm4T5wlF+w6H1ORUv8Yc8L63tbWxfv167rrrLlw3S31mK8kBMRQQUWHCvKpnzIKIsnlg4Vt8oqKa2soU9fWNoTsYgq/TTjsdtKLSUlimfHupJo6LRxU5PMdgLEqRyeM5cPfuXli3bh2rNq0FFM/+z13cUFWLlrmyrA1EEaEtnlm1mdsrUnzrP77O+edPDSUAdCj+Zo28EL6UX0NDAw0NDSWyg66sX626d+9e/vDwH9i9ezdRafGJT3zCl1NdupTNW7eQLxb/zzx8IQSxWIx3XXsVt99+O2PGjeXyyy9n9OjRNNc3HFFOsXc+2/M8CoUCZ5x7NpWVlej/j73zDo+qShv475YpSSYJ6Z2QhJKEDqIioILYxYYd195QUHftCog0Cyq6i4K6Yl/BDwVdVrChWEAFkRKBQAAhgfTeZuaW8/0xmTGhJmSCsDu/55mHYebmzrnnnnve877nLdCm65EkiSuvvALT7cKhWFA1DbN5Eul2Ykomp6WEo0ougoKC0HUNXddbXJvVauXVF2fz8ccf8/P3KxkxYgQZGRkEWf7IaeB2u9mzZw9r167lb3/7GzbhQlu9jNTYUDSj0T+NBTAVVmwr5LzMLN59910SEhJ8CYba+6B6/762rg7TtOK3Mr4C3IpJlOKicM0XxJ5yAXXV5dTU1PjqKxz2FE1jyjAMCgsL2bhxI3YjCLvSyJLH72R4nAP0Wky5/VONaUqYQrCqXuWldz+moqqKhIQEIiIi2tXHvhKiVfUYppt4UYdNgAvhF6dM2RTUSzobyxuR3RKOqNAj2nP1CsiysjLWrVtHTk4OhmGwYPLdDA+z+tWXSDYNtkphLF2T66mQ2ZS7wx9znqZpnu2VJmuqafqviptdk9CsLobEhmFRXRQWlVBeXo7T6Wy1D4S3n+vr69m2bRu5ubm8+vc5lPy2grTSQoizgoEvz/6RIgCLAVUWB//aWM5YBEGhoURHR7erBsO+/M8KeWip5VqaQnE6depE58QknBlO6urqfPuLCxcupLC0hKqqKiY88ii6ppGXl8f69et9oXbguXHtjAI5IEozzXX05ZdTUlrClClTOO200+jZsyfp6enY7fYDmlp9E7Fu0NjYQG19HZeN+aaGzwAAIABJREFUuQ6n04k9rFMrou5bYpom6AaXXnUFirsaGxoSJrIfKnV5kVFIj3UjKstY82sO2b2ysYaYqBYVYQrefO11li5dyqZNm7joootITU31ac7e63W73ezevZs1a9YQnRCNjIv/m3Yv5zksOKUqLGb7TLzNkYTKKznbGSWr7N69m169evklBEaWPWk5JVcDssVEMU1/piLArssI0cinMx/n5g9HsX37bnpm7iUqKuqwJsPm0RdlZWWsXf8zqzf8wjPTpvHZnBfpXJ+PQ5IxJLWFP8WRYko6miF45utcPtKdvPjyi1xy3sV+2Seura2luqYcu2wQbUKj6sJypPWM90GX7CiihrCMQWCRCY2wtTkawJt2t7y8nE2bNpG7ZRNPP/U0Jb+tJG7nOuLj7AdyVGkzpqT4fu/11ZuYkpLIzJkzGTRoEJ06dWrXub1jSVEUT6IkYcFwg+wfJ3IADEUHzcq5KWG4tSqeeHAiHyz+gPT09Fb5QDQX8Nu37+TnH1cw/o77QdTz7bOTuCBGQRia5961c/0nCXCpgg0F1Xy/uxLN0EiITyIiIsJvTnfwPy7kD4Q3FtubjSomJobOnTv7HHNKSkpYvHgxxUVF1NTUcP/996PrOitWrKC8vNwz8an+1/C9KWevuOIK/vrA/aSmpnLaaaeRmenJOb/vyq950ZvGxkYMw+D+hx/il7VrATwmeb80zATRJPhN/8XJy0IiWLHw1X1XMvy1T0ntkkzh7/m8/MY/+f7771m/fj1nnnkm6Z1TfZOP9/q9k/bu3bv55ZdfyMjI4JShQ/n271PotmczIZEqbux+1SBKNHj5s+/QdI2MjAyio6PbvU8MHmuFzWZDKHYGn34mxu8r/Giu/4MLE4KR9AKmPDGZ9955l/DwcNLS0ggKCtpPGHmtE0II30Jq7dq1rNmwkWenTqZozQ/UfjGPM1KCEMLmtzBUIWCLHsIHa3JQ7A66pWcRHx/f7ggGb0W0J6Y+iUV2EaMK7IaEC7MpnW37G+5SHUyb/QKyBLGOcF9FtAP1jXccN3+GXS4XpaWlbN68mW+++YYnpk/DrK3kq6fu5/ykMEzT6RcDjylJKIpCpRJCjwuuBeFxEkxISCAkJKTdlimLxYLD4eD7779nYP8+mBa5qcSsv/C0zaZaeGP0Wfzlw9X89NNPJCQkEBwcfFg/JV3XqaqqYsuWLaxd/Qs3j7sHg0oWPnAXp9rdvq0Ff1hNBGAzgpnw9fd8ryhMmvoEF1xwAaGhoe0+d3MCQv4QeAeC3W7HbrcTFh5OWkpnGrIaKCsro7S0lE8++YS9e/eimQZ3jB2LIssseP993C439qaVo2hDIpt9MVxurFYr515wPvbgYCZNeYKTTxhEz5496dKly34DwjcBmwK3y4VqsXDSaUOxWKw+Z3BPVmuv/t72ISDLMrJpJXdbLn0z0jEUCfwYaw5gSgLZMBkaCZ89dhvLvlrO6LPP4pOPP2HkyJH07duXqOhoLM1Mypqm0djYSElJCVu3bmXruhxuvGss4WoQH8x8hLQNX9ArzpP8RvGHGVYIDCRkRWfeugImdMnm3X+9Q2xMLBEREe0+P/BHfnMJTh31F+pf+I5OQsJQvQVI/EOEBTbceR3Zs5dw1pnD+fdHn6GdqvnGmCzLvhBGw/CUdi0rK6OgYA8bf1lDbEwoU6dP4PfVK/n1mfFckhxHvaWOIL+sozwFQIQsePD97/jy71E8+eSTDBt6aqvKIh8MrxD1hqJZbAplOTlEWHU04T+LiSLq2VUWTK/kbmzPzSUktBOqqvr215vjXVAZTVXqNE2jqqqKvXv3snnzZnJyNzNl6jTMoh0sHH8F5yc5CDY8FQn9gc0lwFrHYyvKeXX1EuYtfJ/09HRiY2P9Yj6WZdnj3FxVgYyNMkNGCG+SK38sXj0DTkhwQ3owzm0beGn2S8yY+Bi6U6PvwH4t6hw0901qaGigqKiInLydbF+9mrET/0aQKvjkwTsZXP87UZYgJOGmvS4EMiaSKZAN+KrBwpc7yzGESWa37qQmp7QrtPJABIR8G5AlCVlVCQsLIywsjNTUVDIzMykvL6egqJDFixeza9curhx9GZ07d2bNmjVs27YNIYGsqm1e/cmyjGK1ctVVV3HPX+8lvWtXTj31VHr2yCQmJmY/k45pmj4nk6eeeZqln32GJElYmjQdt9vt+ZumRUd7kkNISLz88su88vyzuDU32A+slbQHb+tGsoPiZfP5dOkynn76abZu3YoQgri4OJ/Z0+12U1NTQ0lJCQUFBTQ2NjLugfuwq/V8OOle0gtW0TdG8eT+BzxZ7NuHW5Kxmi4aiWaHTeCqd1FeXs4JA09odxIcL3a7nbCwMDasWUNWv95UC4hUVXThT+3Hs6jKslezdOzZnPXKf7j5rpt4/tnnycrKIjo62ufB7svAV1PD77//zo6t23h0+lRUU2HlazNxffk25yTHoGpuwtwq7rakKT1U+0yD5YUmX+6tBlmQnJRMamrndltLvE53tbW1CMPk4zdf4yrF8I1lf7ReVwQ5RZX0VVX+8Y9/MHToUPLz86moqNjvWFmWfeG83iI/e/fuJTc3l8mTJ2OaOps/eZ/Nb87ggtQQwk0XLj+UYPZS71AorYzmsfnzcLpd1JVXkj5wSLtrsXvxZvqLiorCkAR5lU5GONRmESN+svoAiizjnvcAYvK7/G3KNB66/x72FO/1Wdq81k9v2OeePXsoKirilNOGcOn5k1Dq63nn9vM5y+Gkk82CZOoec3472yYbVjQZGiwS98//mp/mKkyZMoVzzz2XqKgof1x+CwJCvh0oikJ4eLjHnJWURK+sLEqKS8jLy+Orr75iz549TJgwAafTySeffIKu6aCoHKzkoOwtdNCUFOKKy0dT19jI5KlTOPHEE+nXrx+pnTvjCPkjhtKrWTk1NzarlSHDT/OktUUgKVKT1u45xmG1ExMTze+7dmNaZE96SoymI5oSUrQCSZIwVfjxh+8xhYQuAN3q8X43D3J1B77kVr2XNBvhn83m9f97m0de+Zh6SWXVZ5/x7/c/RA8PITg4mLrqavT6KiY9Po2Q0CDqnDX89P4c9i5+m3OiZUJCVE+onGQecTu87yVoWs0rqG6TF39Zx7zv9rDh1xy6detOXFyc32Jcg4KCiIqK4t//+YTsgQPYUlpCcmQknq1T09e3kmhfP8toGLKFs8M01t57Lic//x/ufeBBXDX1TH12Fjaris2iout1NDpdXDnqQq69/iZ0U6AVbWbxjL8y2FVOQlwYitGIU/GMJck48jZ5P1KFmwLDyiIjlhGqhRefmckZw0f4pZ9N06Smpoa6ujpkRUKuLMHm0BGm5LcxrJgSK3fu5kK3Rn5pOT+t3cDOXXuwqBZPQZVmfyY8jcKta7gaKkhP68r1192IU9ZRjQbmT7iFbkW7uSglDItp4JRkJMNsc5v2/UiXZCQhQ7WT8z5Yw8ZnM3n2xecZMmQwcXFxfqlrDh4hHxERQUR0JKaQuGXGLBpefhCLqWM1BXrzzmjjNTV/L+OJEAgz3VRPvZa9Pc9m2swXscgyc56eyd6qesIcdixWA80wqaiq4dknn0Q3ZTStnq/+/ijObxZzcWo4FmQUwyPchTj8b/vmhwP0swAaJAVLQymTfyzkx/IKdu7YRd++fUlPT/dbPzcnIOT9gCRJBNlsBNlsREZEkpKSQmZmJoWFhSxYsIDt27czYcIEPvjgAxo1rzbfXKB6Y1P/CDG5+uqrue9v99E1swdDhw2jZ49M4uLiDujdKiSorq7hsssva3L6a7ZvJgSKIXjzn/Polp7hS+rQp38/JFNCWJq81dugdEqSp0ZycWERbk3nt/JaetqjUGXNdy37XV3z5W8b38vCxKbDjcEVbPjrefwen8mFj8zgtHNGevYQJQnDNFEMN6qu8fE/puL67j/0C5M5KcGCsDiRvFW52tGO5u8lAVbRSKEtiure/ZGQWfnjDwwdOtQvoXO+a5dloqKiSEpJRTJ0ciyJDFc1j1VSNlr0bfv6WUFGgClzouqi/LHL+LQErvz7Gzwz9UGQrbhMUCQTxQTJdLHuk3+S983HJFTu5QpHMIbdgiwkkCRkP/WzKZlIejCXLfiZlXtqePPNefTq3dtvE6JpmjQ2NtLY2IipaXRyV2OaEvs+Eu3pW9NUyBc6NovKhx/M933llRcHaBWGaaACqqmT++PXbPnP+4TsWMtZMQ7Cwwx0RWCaSkv/jLaO4WYf2w0NTVW5/Yv1rCkuprC8jPT0dDIyurXbsbE5kiThcDiIi4tn/ltvM+a60RTVWUgMrsEwrUgI/z2jTb0cUq+RsuZjdmxcRdDgc7jr/jtRZQVDsuDWwSqbyOjUF+/mh7f/QeOqLxmSHEVsahSmZDaz/rV+HEgH6WcJCNar+NKMYdo332KzB/P5559z5pln+jU2vjkBId8BBAcHExISQmJiIrGxsSQnJ6PpOnX19ciWA7iSNtWqVlSFSy69FIvFwv333cfgwYPpnp1F14wMwh2hPpPWvgNBElBZWcE/X3uNa2+8oclJzzPEdU1j9Xcr+XbFt6xb+ysICatVZcOv61i2bBl/e/Rhj9epYuJZ/woOtb8nAEmWsVg99bBVVSUfKwijhbBp6+Lbd27ve+mPB0XIJhZDos5io7dWRu/81RSNO4t8EUy5oWGanoWRq7KKpGCZISFBRMaquCw6VpeGZgQhCe3Qv93891rVdhmXHsT9i75jzvZyXn/9dVJTU0lOTm5Xxrh98VqL4uMTyNu+k3vfXMrOG08iOTTkD+39sG1t/bUK2U2jZMHR2MC1oS72PjKaUiQapCBqTQsuw4VZWUeE3UlaqIO+wXYIt+CSdew6IASGfIh7Scv7fbD2SsjokolVV7n32/X8JycPU5GwW230ysr2hc21d1L0VhcbMmQIFtlCnOoGQ0FShN/6VhUGH191OivuPg+X25MK9dApJUxMU0dpMHEYDaRHh3KBZCJHBuOSDBTNU7/B6+tzpGNYolkkkFCYu7GBt3Lr0U0XSxYu5vQzhxMTE+P3UOGQkBAS4xL4fd1vuNRg/lNawd1JBpgyhmwcsK3eazqia1UMMAyyXXtg1fvs/uxtym0KNaadBpcNq94AzkoywoI43RGEnGxHkp3oQqCantlQl9s6P+z/3tv4fBHGpuQTGRJkZcqUKYwcOZLU1FS/hdzuS0DIdwDNPY9ramo4ZegQ3nz7bRTLgbtbwUCWZUZfcQWPTXiMzp07c96Fo+jWrRspCYk+oXGwh01RFLJ7ZLJ3716mTHqcsLAwxo8fT6dOnfji2+959713AZBlj+bjMkzeWzCfiIgINvzyKwMGDkBSFRSL2pQM5xBCXgJTeGq722w26uvrmTj/M6rvuRCr7L/c9S1WyAiELAgxnJiyFRODCNlCJxqwGG5kVQZJQosJRVUVDOHCECYWTQJFwtKa/Wtx+EO8uE2BqrtYtKuSd/PLMPE4WGZmZvp9NS5JEmFhYXTu3JlPP/0PsRn3sbQ+lFtDGkGSUI7EXH2oazVVVAQoBiYqsZJJLCYSdQgZVEXCjJHR1BBAoLkaUQAbMkL2nHy/FrWhb6FJu1Y1Qp12HtmwiRfXVaHJgnmvvcaQIUP8th0iSRJOpydU9rLLLkOrKyVcFSiShNTWRns5wJ8ZMoiKIkYI4ZlxDyi19nmvQEO4giw5kCWBMHUMCaxCxlD/ENKH++1DUS+ZBGkypqTwYVE1dy79EVOC2S+9wvDhw+ncubNfQ7kAX7hxfFw8MWmpuKqruee9r9k67my6B7lRaOWCoo3XGqIoCBRMTaNzEHQWGkJyIwVLHh0r1IqsSBhaPRZJblK88DnZ+SPxjazr7NRDGPtrGYt+fIpnZ0xk2LARdO/e3ZdJMKDJHyd4vWK3b99O7969efdf7zUrWbv/aBk9ejSqqvLElCfo3bs3ffr0ITU1ldDQUNTDONU0HxRJSUmEhIexatUqPv30U8LCwpi/YP5+ITkg0HWDsrIy5i+YzzfffENjfT0XXHABQlEg6NDDQmoSLhaLha5du7K7eBff7yjmrK6R7fY8bS2y7jFTSlgQpoQpCQzVjSk8hmfAt/XhbxRgux5EzO2PgmTj6Ree5+xTh5OQkODzmvard6yqEh8fT7du3di77gfGLljBT1edwgmx/i13eTB0FEBCQkIxRJNwaek27+92BDVYeei7X3lsdREoOm+//R6DBg0iLS2t3WVDm+MtL2uaJu/OfILzTAmXKbD6MUzRqy0Lw9OPQhJNWuGh9T+ronk+MgDpyApWHQqbpKMaIczfvpWRb/2IrAbx1FNPMWzYMFJTU7FarX4fy14FKCwsjIyMDN555x3uGncHOQmD6Fz5IxbRceNZ0NJyAZ4opKaWYRieiKOOeqYKDQs3fLuVz3/azAtPTqbfoCH06NGjXREirSEg5DsATdPYs2cP2dnZzJs3D0OArFppMpABYJE8An/MmDFMmvIEDoeD4cNOJTPTs/fe1hW0JEnU19dTVlTMOSPPZMGCBdTV1WG1WjGFd6HQfPB6Q3UEH330CSF2Gz+t+pHs7GzskQZWqw2pRd54tcW/kmQi2ywQZEV1Wjn9nY/RHr0Vq6KjWywoHfiwehrg+cdTwdTzoKpHnK/78HgULQPJdJHvCmVabRBvj7qEiRMf56yzziItLc2XRrcjCA8PJzMzk68+X0TmoCH0eekDCiZdS2ezBlP1YzaRA/DHJCHwVoxVzI7J9qhqTlwEcff3uby0tgxhhZdefpWBAwfStWtXX3hRe/vZG77mdboTQlC9cyv2YIEitT/RSXO8WmDzsdrUisO8txz463YihIxiuFB1K8/tzOfuRTlIjgimTZvOaaedRlZWll/qLhwMb7bRlJQUunfvzttvvsPVk59h4Tm9uKJbHKbsQhb+F00S+2rk+/S58P/16sIkyKnxs1vwTl0Y32zey6uvvkpWnwH079XLF7ffkQSEvB/xao1FRUWkpaUxZ84cz8SPtJ9eMGrUKEJDHUyfPp2MjAz69OlDt7R0wsPD2zSBeX+zsrKS4uJiMjMzeeuttxBCoHrD9g5jDVAUBWdjI/Pnz2fTpk0IYOAJA5EdQQetw+xNztOpUycSUxLZUVbMrI15/O2ERGQjGAk/pow9BhB4vKR/1aP525rdfLthG49OeIwzmlLphoWFddjDKkkSVquV+Ph4+g0YwbPTp/PIY4+xKm4QMcWrsZjODvndo40QguqgMC7792o+z6tCVSRmzZ7NKYNOITMz068OjeDR2Orq6igtLUWSJBJkFyFCoJkCswMSDh0rCKmBOiWG27/5kQ82VaGrKi88+yynn346PXv29Fv62kOhKAoOh4PMzEx2791DQ30dVy7bzLdXDeKkCAuq8t/R/3YpiLdqGki7/TmeO30oTz09k6zM7vTt25fY2NgO8abfF0l0hD3zfxQhBKWlpURFRbFkyRKKy6sAkITp84IVwqO9T5k+jZjYWLKyssju3oO4uLg2p0E1TdNXrCI8PByXy8X7//dRu+s9B1sVLr/8cvoOGuhLBSk3+RN4M+VJwkTCE5dfXVnF18s+JzUtnf8bmcol3WORBQhJQvVTatA/C13RseoCSSi8UVBH5l+f5uSzRvHss8+SnZ1N//79iY2NPehiyJ947/W6dev47rvvmDx1Kq9cfzbXWUqxKm5kIwxkl+fgDtBKOgoZF7Jp4ft6lZk5FXy48Tcqy6r4+OOPGTBgAOnpbV/8Hg5vXfPvvvuOvbtz+ct1Y/nmptMZFqph0wVGB2tXRxtDAkXoqKZgm9KJC99cQU6DhltzM3fuXE488UQyMzOPioD3IoTA5XKxdetWfvrpJ2655RYwa/hs9GmcFWNBoCPoOOucvzEBr9HUajRSZo3g9oU/sPD3OoRNZtKkKQwZMoQ+ffoQGxvrCWE+CoXOAkLeTwghqK6uRpZldu7cyY8//ojU5EnvFfKXXXYZDoeDKVOm0CUjnZ69epGenk5UeMu0rAc7f/NjvA9IQUEBSUlJfPTRR7hcrqb90/ahCB2LxcJ1111HUVERZ59zNqZVxWKx7CfkDcNAc7upK6vk97xN1DpNFlxxOlemOggx6hB+aM+fiakolFlkrl2whs/yyqk3BE8/M4Nhw4bRp08f4uPj/e6cdCg0TaOoqIhff/2Vn39czdQZU1nx8rNk/PopsUoNsjdm+jgR8oZhUGd3cMfSDSzcWoyw2pg09QmyMroxYMAAkpOT/Wai35fy8nJWrFjB2WcNJUSSWTf2LLJsJqphxfRTEp9jBclU0W0mz2yt59pZr5OSeSI/r15JQUEBmZmZpKenExwc/KcU3aqpqSEvL481a37gupvuwo6L1y4dzNWJCjb9+FlsmXiSSkmSxBfFDby0F95Y8hUJcfE889TTnDT4ZJ+lxJ8ROIcjIOT9RENDA3v37iUxMZE33nkbRVFQRJO2jeDW225n+ozpqKpKnz596JPdk8TExENqgF4PfbfbjSzLvnhVwzCoq6ujvLycLl268M/XX0fI/l8RmqZJaGgoV15xJd26e0qnYlNRVBUZCRkICw3jrXlv8Pzzz2O43Dz33HMYhsHdJ3Rm8slZhIlq7JKEUxXY9CZhKPkvZ7w/0SUZgeyxupiCCtXC09/t4NQJE7nwijsxdZ23336bzMxMevToQXR0dIfvpx0It9tNcXEx69evZ+3atTz00L2o5VV8cMNwLkmMRA9yYtNUXznko+QLeWiaFh0mYMoGCia4LLy8q4RdnQcw7YU5SMFRvP7aXLp37052djZRUVHYbLZD5ho/4uYIQUFBAV9++SU3XncjPy97m6iFL5Cq6Ais0M4KY38mAnApnrTLwZqbejWcr0qcPL1xD59v+R3JbfLMM88wYMAAevfuTUJCAlar9U+rquktCJObm8vPP//MbbfdBrrGHb0TmDYolQibTKNdI8jt9UA/RuaPpjHttLpQDBXZVNhR5+amZb/xY2EdLtngH7PnEh0ZRb9+/XwLqaMp4CEg5NuNEILGxkZ27txJdnY2r7/+OprwOtfJnH/++cTFx/PoxAlkZGTQv39/UlNTiQgNO+DN9t4Ob0GKTp06ERwczMqVK8nIyCAuLo6ioiJiY2Opra1l4cKFLb1GOwDTNLnlllv44YcfGD9uHFHR0Xzz5VdMmjSJ7t27k9g5hfj4eFz1DWzduhXTNDn34tFEWHTu6Z3B+IHdSbQ1YJGbKsQdKw/pPlhMcCmh5LptPPbxV8z84nuy+5yE0+VixuOT6DqgL4MGDSIpKelPeVib43a7qa6uZsOGDWzalMsd48biEk5uHz6Ym4NN+iVHYDfrUCUDSZKPihf+IRGKJx2ykKm0RTHl02/ISUpj2VfrCLJZeGL6NLIye9CjRyZpaWmEhIR0qIXENE22bdvGsmXLuHvsOJ66aTh32gzCqcUlWTx5H45XBNjcQZTZ7byxcSuv5ZSzqbwWRVF567W5uBSZ/v3706VLFyIjI//UcezFNE2cTifbt29n/fr1yMEhXH7xxahSHQ/268ZjA7oilHqCTfnYmT+EgizLaIbEBiOExxd9w3v5xUTZY6gVNbz55pv07N6LHj16HFXz/L4EhHw78IbK5eXlkdG9G6/Pm4cQAosko+s6t40dy5y5c6goL+eE/gPo2bOnb9W87832hqp4Y+urqqro2rUr8+bNIygoiEsvvZTly5eTnZ1NXFwcpmny3nvveQpZ0LFC3ku3bt0447TTefDBB+nbty99+vQhKSnJ5yGq6zpFRUVs3ryZ9evXM3bsWKzBQajOaq49YxjJDeVc1C2anp1CCAIU04kiC4RuYEgd74ACoMpOTENByBYMScalyJS7BN8WVDD/tzJ6DB3Gc+8vQFKCcbvdTJ8+nS5dutC7d2/S0tIICwvza63n9qDrOvX19eTl5Xm2hySJW265BYvFwkuP/ZWSf7/JmH7dSLDJODQ3uiQjS1qHb6EowoWQZBA23IqCLktUShbeW5PHp3llLP7tN0IT0sEUzJkzh5CQELKzs0lJ8SwWveV1OxJd19mwYQPLli3j3gcfZOG1w7nKXntM3Ne2IpkahtWKYUC5xcFnv23j3U1FPPvxUvqfciamabJ06VLy8/Pp0aMH3bt3JyIiwpeP/li4Zm+0g9PppKSkhNzcXNavX88DDzyAaZrobhdXpsdzQ1YMQzPisQs3QQJUWcLUGzGkjt0yU4QbJBu6LKEBQlJYW2PwzPJN9Lv4Yqa+Mg+XsOBuaGDOnDlkZWXRtWtXUlJSCAkJ6ZDtptYSEPLtwDAMdu3aRUpKCnNee9X3+blnnkVKSgoPT3iMrKws+vXpS2b37r5qXvviHeAVFRWUlpaSlZXFypUr2bRpk69YxahRo8jPz/ctLDZu3Mj111/PqlWryNueB0fJ1Ga43IwfP55///vfJCYmtvAs915HbW0te/bsYfv27VSWVxMa1YkzzjiDUFsQsinQrBqTxt/K8g8+xaiuIibYJCwIZKXjJhxhehZRda4gKt061YZOQrdU3lv2NdHhnREaaEGgGRpfLlnK1rxcMjIySE1NJTExkaioKFRV/dNMmgfD65tRXFzsKRizYwcVFRXce++9YMrUaE5CrRr94xIJMupJcEgESQKJtqUybkt7QkMSKKtvZGdxFc5gG29/uYRBfc9A6AKsUF5Tw/THpzJwUD+6dOlCly5diIqKwm63H7XtD03T2LRpE9//8AN33nYz1/ZIxHBXHBMCry243YL8GqhWbVz96Dgm/G0yCiGee+t28vCUyfTo0cPXz7Gxsdjt9mNCe98Xryhyu93U19dTUFDAli1b2Lp1K3fffTd1NbXERSVQY3Uz+carWLNsKRE2gcWtYbd13H2TJQlNc1Da6MJtFQSlpPLvn37FoqkosoVadOa/9Q4NtXWkd00jLS2NhIQEQkND/VJuur0EhPwRYBgGkiRRWFhIUlISc+bMwTDBUOEcAAAgAElEQVQMLBYLN9xwAy/M/ge6rtO3Zy+ys7OJj4/fL/+zr8qVENTV1bF7926ysrIoLS3lw0Uf7RfAIxkm48aN4/XXX6dbViZWq5UtW7YQFBTEhRdeyDtvvImmaZgdsDd/IM475xzSUrvwxRdf0KtXrxZV8ZqXbiwtLaWwsJC9e/dSWlpKaWkpJ510EmeeeSZWq9XXl96QvObt90eWKS/eydvr3wCevPBOp5N58+ZRVlZGXFwcUVFRJCQkEBcXR2RkJCEhIb6oh2NVAHgXV96qZXv27KGgoICSkhJqamr4y1/+Qnx8vK+PmwtSf1+TJEm+hanL5cJut2MYBq+++iq1tbVER0eTnJxMYmIicXFxhIaGEhIS0iFtORSGYVBQUMAPP/zAJZdc4tuTPtanQ6OpiyRT+NZohmGgKJ4aFO+99x55eXkkJCSQkJDg6+fIyEhsNpvvuGMdrzJTW1vL3r17KSgo8L2ys7O57LLLPNs/TdfSEX4bXrxRTF5rq9PpZMOGDSxZsoSkpCTi4uJISEggKSnJ50dyrFj7ICDkjwghBJWVlTgcDpYuXcru3bs555xz6NKlC49NeIyM7t3p1asXPTK6+koHNr/hzU1TpaWlJCUloSgKr7zyii8n9b5C3ivwbr/9dt54522GDh2K1WolPz+fnJwcbrvpZgzD4O1/vYfL5erwPjB1A7vVynXXXcfChQsZNGgQqamp+yWEEULgdDppbGykurqayspKampqqK2tpaGhAZfLhdPpRNd1z76x+sdE628h712IWSwWbDYbQUFBBAUFER4ejsPhoFOnTjgcDoKDg7FYLMec1t4avJq9V+BXVlZSXV1NdXU19fX1OJ1ONE3z1UHwp0ZnGIZvAaE2pT12OBwEBQXRqVMnIiIiCAsLo1OnTlit1j9tj9JLTU0N+fn57Nixg8rKSurq6v60trQWQ2qaSwwTmnJhWK1WgoODCQ0NJTw8nPDwcCIiIggPD8dqtfpisY8VodMWvAtGp9NJdXU1VVVVvjFdVVWFy+VC0zR0XfelzPUnkiSh67pv3rDb7b6+joqK8vW33W73WaKOtX4OCPk24O2q6upq3ypz8ZJ/M+6uu1jwwQdsz8tjwIABZHbvTkpKZ+yHiHuvq6ujpqaG+Ph4Xnplbqsdo+w2GzffcCP/+fQ/nHTiSTgcDsrKysjJyWHLli2MHTuWxYsXU1JehnyUhNStt9zK77/vpLaqmq5duxIREbGf2dXbd6ZpeiwOTdW/vCt272q5o/BaC1RV9T2IwcHByLLcwrP4WHtA24M3OsMr+DVNw+VydVg/+xZnTX3pFTAWi+WY7WOvxcnbP8cTXuuSVwBZrVaf1el4XKC2BsMwfItUl8vlU2i8Qr4jxlbzflYUBbvdjtVqPSq+I/4gIOTbSF1dHUVFRSQlJfHjjz8yaPDJTJo0iYyMDPr160e3bt2IiYg87GDLz88nJSWFp556CrsjpE1tSIqL56KLLuKHH36gb9++REREUFVVxa5du9i4cSPnnnsukVFR/OPllwCOigmyf//+DDnpZJYvX06vXr2Ijo4+KtmcAgTwBx0lIDqa47XdxxvHcz8HhHwbcLvdbNu2jczMTIQE/16yhJwNG+nduzfZPbPpnNIZWyv2YoQQFBcXs3HjRhwOB7+sX4e7qQRla1Akieuuv54ff1hJTEwMvXv39iSqMU0KCwvJy8tj05bN3HjzzcyfP5/q6mokSepwTVmWJG695VY++uhDBvTzhOh4M+Z5jwkQ4FjkeJ3Ej9d2H28cz/18/KQTOgZwu92EhYVhCsHDjz7KltxczhgxgmFDh9I1PQNbGzRXh8OBoigMGjSIxsa25Xk3hODNt97i3HPPZd26dezcuRNd11FVleTkZAYMGMDQYcNYtGgRF110EXePv9s3SDtqTSeEwDBNXprzMpdfcSWhoaGsW7eO8vLyFk6GAQIcixyvE/jx2u7jjeO5nwOafBtwuVzk5uayNW8bVrudHj160DkxyVcLGFo3GLxdnpubS7du3XjxpdlH1B7ZFIwdO5YlS5YwaNAgkpOT//Ai1zUKi4t98ab33H0Pr776imfv6oh+rQ3tkmV6ZWUzbNgwln/1FX369CEuLu648ewNECBAgP8WAkK+DXgdmerq6lBVldDQUJ/Qaqvw8hYbWblyJYMGn8z7779/RG1SVZWxY8ey/PMvOPHEE4mMjPS1FTwexFt3bGfDhg3cfP0NlJSU8O6/3kNSlA4133ud2+4dN56FCxfSs2dP0tPTfXGjAWEfIECAAB1PQMi3geYm79bsuzcvJrPv8abpqeD2yy+/0G/gAObMmXNEGrYQgvPOOw8ViYqKCvr06eOLO/b+jm7o7M4vYOuWLVRVVXHV1Vcx6+9/911LRw0BWZZRJZm7xo3jm+XLiYyMpFu3bn96BqgAAQIE+F8hsCffBtqqtTudToqLiykuLqa+vr6FMJVlGYvFQkxMDKamg2H6BG5bXrqu89lnn5GRkcH69evZuXMnbrfbJ0QVRcFmtZHepQsnn3wy3bt3Z+7cudxz9z0kJyf7Qk864mUYBk7NzT9emk3vfn3Jzs5m7dq1lJWVdcj9CRAgQIAALTlmNHlvghivcPAlR+EP07PVavWlFj0WtUBvO6uqqyguKiYxMZHgkGAQ8OOPP9KnT58WJn6AiooKvvvuO84555wj3psHsMgyd915F2+++SYjR44kLS0NaFma1huTvn3HDjZvzeWUkwfjCAtlzpw57bjq1iEBcdExXHPNNSxZssSX9/5YSPsYIECAAP+t/GkJjL0CvdHlRJIkbFYrj02YwIpvv8UQAlOYmIaBKQTBwcHU1daS0rkzUx+fTJ/efSguKiIiIuKYSNXoXZhUVFRQUVlBRvfuWIOCmD17Npqm8eADD7B582bi4uJaVC8TQhASEkJSUhIWi6VdZnO3YfDM88/x2EMPs2jRIoKDg4mNjd3P+qCqKt26diUyIoKcjRvZsOk37rjjjg4X9AIoLC1h6pMzmPjIo8yfP58TTjiB1NTUFmF2AQIECBDAfxx1TV7XdRoaGrBardx2222s37oZUwgsFhUhQEgccm9aFuB2u7CbMunp6bzxxhu+nNgdWZryQDQX7uXl5XTv3p1t27axcLFHyGqahqqqqLLCjddfzy+//MIJJ5xAaGio7xymabJnzx4qKyv56Zc1VFRUtKtNibFxjB49mp9++okBAwYQFhZ2wAWQEIKamhp25u/m119/5eqrr+bzzz9n27Zt6LrerjYcCtM0CbbaGD9+PN9//z02m42srKz9LBwBAgQIEKD9HDUhbxgGtbW1lJeXc9WN13kKhSgKQjoyY4IsdBRFwXBrJETFMGvWLBISEnA4HEdFWGia5svDnpCQwOpf1/L111+3CKfzIkyTRx58iLlz53LOOeeQmpraIu1rbW0ta9asYdiwYTz//PMHzF3fWqyywiWXXMLmzZuJjo6md+/eBAUFHVTQu91u8vPzWbduHZmZmWRnZ/P00097+raDulERnpwDY8aMoXPnzqxZs4b09HSio6MDgr4D8W5/Ha1KbwECBPjz6fCn3VugZPv27YwcdR6XXzfGVzWpvRiGAYpMYVU5V1x/LdXV1ZSXl/uh1QfG6zdQVVXF1q1biYmJobCwkJdeeolVq1YdUMCDx1T+xRdfEBsbS2Fh4X7Jb4KDg4mLi/NlpWtPaJumaSxYsIDzzjuP9evXs2vXLjRNO+BWgCRJ2Gw20tLSGDp0KCUlJcyYMYP77ruvw4vcWK1W3n//febNm8cJJ5zAzz//zN69e4+7/OHHOl5fDNM0ueeee7j22mt9Y8y7ZXY80LytLpfLV7gkQID/Zrxj3uun5n2W20KHafLe0zY0NnDSKafgcDhwdkQB62Y4VIVJkyYx5KSTW4SRtRfvRNnQ0MDu3bvp1qM7O37/nU8++aRN6Wjv+9t9LP7wQ0499VQSEhKAPwqnFBUVsWrVKpKSkvh+5Q8423DeA7ZZ03nooYdYsGABQ4YMoXPnzgddWHmvr76+nry8PDZs+o1rrr6GjxZ9RG5ubocWYfBe/73jxrNkyRIGDhxIUlLSftXsArQdIQS1tbW+intCCKxWK7quI8syI0eOZOHChb4yyMdqfzc2NhIeHt5CsDscDmpqaoBjt90BArQHt9vNe++9x0033dTi8/r6+oNaZw9Eh2ryJSUlDBsxHNURhBOjI38K8Kzw4+Pj+f333/2ipXiFn8vlYs+ePVgsFrp168Zzzz3H/PnzcTqdLbSiw73KK8opLCykqKioxeJAkiRfCc4BAwbQ0NBwyPPcf9/9vuiDg71UVWXWrFlcc8015OTkUFlZiWEYB9XoJUnC4XCQlZXFySefzIIPFjB8+HDuuvMu3+qxI17eifull17iiiuuYOPGjWzbts3XtwGODO9WTHh4OCEhIb777na7PbkTdJ1ly5bhcDiIjY31WXuOFc3e6+/ivQZvpUIvdXV1XHvttQEBH+C/iubPYFRU1H4CHjwL3LbMjR0i5IUQNJg65156EUJR8Tjxd7wjvyHDLTfeyO7du3G5XO2eAHRdp7y8nIKCAhITE3ly5jM8OfMZ3E2aUFuZPXs29957L7t27aK2trZF++x2OwkJCbjd7sNWb6uprOSRBx485DGaMHEZOh985LEcbN68mfr6+oP2iVfQ22w2unZJ44zTTmfNmjUsXbaUhx96uM3X2lZchs7UJ2dw9nnnERIexoZNv1FdXX1MCZ7jBSEE3377rW/7yFs7/mCUlZVhs9l49dVXW+Q5+LPwhnru2bMHm8120C2crVu3dqiTaIAARxPvwtY0TcLDw6mrqzvocStXrmz1ef0u5IUQNDY2MmToEH+fulVIkkRpaekR1832Tm6NjY1s376diIgIiouLeeqpp1oI9iNJDuM1mW7ZsoXi4uIWE5Qsy8TExPDll19y9/i7fVr3gV4vv/wyFouF0NDQw/7m1q1bURSFwsJCtm3b5qvhfqj+UxSF+Ph4TjzxRLp27cqsF2bxyMOPdGjiHG+bZj47k4aGBk4YeAI5OTm+xDkBQd86hBDMnTuX008/vc1/e8cdd2C1Wqmurj7sOOlIKioquOeee0hNTT3kcaNHjw6MiwD/NdTU1GCaJjabzbcVdTDaYnnzu5B3uVyccf65oFgxJRUhHV1PXkmS0DTNl/WtLfiS2VRVUV9fT/fu3Zk+YwZffL0cTfjHPP3UU09x++23s2fPHurr61u022s6tdqsyLJ80HMIRUYzTe687XZUJMzDmO6f//uLnDvqAtauXcvu3bsPq9l52xMV3ok+2T05Z+SZvD7vdR55+BF69+7dYaZ77xbLJ598wqwXZjF06FA2bdrEnj17WtXmAB4z9vjx44/47w3DICIigvT0dD+2qm1cc801zJ0797DHhYWFdai/SIAARwu3201QUBB2u/2wc935559PWlpaq1OD+10CK4qC1k6nsfZw4oknEhYWdkSOWw0NDWzZsgW73c63337LlClT/N4+wzAIDw9n586dVFRUtLihVquVuLg4tm3d5kuYczCmz5iOYRg8/PDDh7VYmKbJk08+yfXXX09OTg579+496P58cyRJIjg4mB49ejB8+HCW/GcJAwYMaJcQaQ2aplFXV8fjjz/O4MGD+fbbb8nPz/ftywa0t4PjdVBrL8XFxa3SKPzNe++9x+eff96qY9ubQCpAgGMFWZax2WytGs/nn38+Xbp0af2529Gu/TAMA1VVMf+kB09rcPLIhAkkJia2yrve26FCCEpKSigrKyOtW1emzJjOupyNmLKE7icN3vvShMkLs//B6aefTl5eXotQNVmWiYyMZOeOHTzywIMI7eAauhACm83Ghx9+yIUXXuhzqDqUI95zzz3H6NGj+e2336iqqmr1IshqtZKW0pkhJ51M3pZcPv90KQ8/+CB2ux2lqZpdR7xQFaY99SRXXXUVK1asYPv27bhcrj99z/hYJjs722/n0jSN8PBw6uvr9wv77AgaGhq49tprD3tc8yyOgZj/AMc7pmke1g/Li8ViaXN4c4fsyf8ZmKbJ6NGjWbRoERkZGa16+CVJ8iWDiYmJIT8/n2nTph1Wi24vVVVVdO3alYKCAkpKSlr0mcPhIDExkaqqqsP25YwZMxgxYgR9+/TFYrEcVqN3u92sXr2aXr16sXnzZqqrq1vdZovFQmxsLIMGDSItLY25c+cybtw4dF3vcOenGTNmMGbMGDZu3Ehubq6v2E9A0O/Pxo0bD2rC9vpbtFUwRkREYLFYaGho6JA+1zQNTdNaZII8FF6/lNGjRwe86wMc1zidzjZZpBISEkhJSWnTuPebkBdCIMsyVVVVGMbR83iVhEA1DCIdIdgsFgb2609cXNwh/8YrIGpqasjJySElJYUnpk9j2ZdfAHTonrNXC/emdN2zZw9Op9N3k1VVJT4+nrVr1zJq1KhDnqfB5STIEcLtY+/gr3/9q8+cfSgrwqKPFxMRFcWmTZvIz8/3/XZrBpmiKISGhpKdnc3w005nwb/e5/EJE32x1x3VX05dY+Lkxzl/1ChQZLbv+p2ampqAkD8AkiTR0NBwwMRM6enpLFu2jNmzZ7dpL1vTNKxW6yE93Y+U6upqX1TH4RapXlRVRZIkIiIi/NqWAAGOJkKINofD3XHHHZx//vlt+h2/a/KapiEdJWc7T/y2gSzBiNNPZ+gpQ+jVs+chj/eGKVRUVKBpGr169eKJqVNamIGPxuurr77iyiuvZPfu3S00au+NF0LQv3//Fl6U+74UVeWFF1/ksQkTmDhxIlOemHLI44UQSIrCU888zQ033MCGDRuOyKktNDSUzMxMTh02jA8WLOCB+x9g1KhRnvrxqtoxfQZMmzGdpKRkEhMT2bhxI1VVVW16QP5XsFgspKSk7Pf59u3b0XWdsWPH8vvvv/PCCy+06bze6BB/OUEK4SnQZLFY2qSZPPPMMwwbNiywyAtwXCKEJ0T0zjvvbPX8JUkSycnJvuelLfhNGns9/YQQXHbJpYBAYCIOWW6m7Yim80pCgGly+ejRXDhqFMOGDGHAgAG+TEAHmzSEEBQUFBAZGcnyb75m8hNPoBnGUd/bc7pduDU35eXlFBcX+262aZrY7XYSExNxuVw4nc6DnsM0TRoaGoiPj0dVFBob6j0OGYfpciEEEyZN5Nxzz+W3336jtLTU9/nhaF7NLjU1lSFDhvDNN9+QlJDI3/76V2RJ8twbP6OqKhaLhRdefIEdO3YwePBg1m/cQFlZWcB0vw+SJLFp06YDfnfuuedSWFhIfHw8d999N4sXL27VOb0TU2xsbKucNluDruvEx8cDtEmLDw4O9qvvQYAARxOvxfWf//xnq58jIQTTpk3jjjvuaLOs8rtki4qK4qzhI4gIc6AIE9nPk68iDBRhopoGy5ctJTwkhFHnnc9Jg04kJCTkkB1QU1NDbm4uycnJTJo0ifUbNyKpf04IjqQoTJ46lTvuuov8/HyfNq8oCoqiEBUVxZdffsmUJw7t4S9JEosXL+bMEWfw2iuvcvP1N6DAYRMIW2w2nv/7i5x33nls2LCBmpqaVmtTXocni8VCcnIygwYMYEdeHosWfsijDz2MzdI6J5K24t37X7RoES+/+gpDTz2VtWvX+hYpAf7gUPcyMTHR9/7CCy/k7bffbvV5a2pqiI2NbVfbvJSWlra51sTMmTMZPHiwxyoV2I8PcBxSW1uL3W5vsy+TaZrIstzmce93IW+xWOjZsyf33HEnTz4+BUkAQnheeF8t3+7HvseLP16yZvDNZ18wZswY1qxZw6gLLqBnz56+/NsHwjRNampqKCkpoUePHkycOBG32+3LLvRnvGRZRpZldENn+/btFBcXt9jvDA8P90UJHOo8uq6Tk5PDiBEjsFqtzJkzh8mTJ7eqDW63Rm5uLhEREWzevJm6urpWryybW0uio6Pp27cvvXv3ZtasWUyYMMHX7x3Vd4WFhUyePJmzzjqLVatWkZ+fH4ilb8ah7qOqqr4xAjBmzBjmz5/f6nNXV1fz008/tat9brf7gFsKXg7kM+B1iO3Zs2dAwAc4LnG73cTExBz0e7vdzgMPPLDf+J45cyajR48+IqfwDrFRh4SEcN455xIfF8cbr8xl+CmDkdwuJGEgCQPZ9NSFlw40DwkTGQMZw3e8RZj89c6xvPnKXK665hq+XrGCi86/gFNPGUJyQuIhL1zXdZ9JNykpiYmPTwLVhmwN4o90u3/GyyMoS0pKGHnO2ZRUlPvy2QvhKSQSHR1NRWkpdtWCJA51LpmcnBwcDgfhUZF88fVyxt55Z7NeOPDfybKFN955m74DB/Dbpk3s2rWrTQV3vNfgdYLq0aMHZ5xxBv/617+YMGHCPitVye99aJoyDz76CCPPOZuf1/5CQUHBQSvu/S9hGMYhF726rjN9+nRM0/RZZS6++GJWrFjR6t+46KKLjnibxDAMevbseVAT/YUXXsisWbP2+3zs2LEEBQUdkTbzZ2EYhq+CmGmavv8fbEHq3QppbGz0LeIPdXyA4wfDMA45P8myzNNPP81zzz3X4pigoCBsNhsOh+OIfrfDNqJVVaVnz54kJiZy8cUXc/fdd/P9F8u56+ZbsVosBzVVSJJEY2Mjp512Gqu/+4FJDz7MFZdfTlBQEKZpcvnllzNy5Ei6dOnii9M+GJqmUVhYSHR0NF988QXTpk3DNP4czb35y+NUN4BJEycxY8YMli5dSlhYmM+hwjvxRkZGsnr1aiZOnHjYc37yySfcdNNNmKZJbW0tsbGxnpwFh/k7RfFU7rvuL39h3bp1vkQ5bcHrixESEkJ2djYDBw5kwYIFPDnjSSIjIzu0LyVJYtq0aYy6YBTLly/3Jc35X0aW5Vb1QU5Oju+9zWbj1FNPpaamplUxuyUlJUeszZeWlpKXl3fA7959911GjhzJokWLWnxutVpJTU3llltuOaLfPNp4BfPzzz/v8yexWCy+KIXKysoWE7n3+KeffprQ0FCCg4OxWCwEBQVhtVr/58f0fwNOp5PIyMgDfjdmzBhmzZrFpZdeut93M2fO5Oqrrz7ihW2HlZqFlslmqqurKSsro6qqip35u6mqqvJUW3N7Vjaa8AgcR4gDm6oSGRnpe8XGxuJwOFpksTvUBQvhqcBVUFBAcpdUpk2bhtN5ZEVl/IPZ9IKI0DDuu+8+5rz6CmXl5WRnZ5PVrTtdunQhLCysxXXpus6mTZvo1asXj06c0Gx3Y1/Lhef8jz7yKG++/jq9evWiqqqKUaNG8cQTT6D7/vLAFg9JkhC6m2lTp7B06VJOOeUUIiMj29xf3vttGAb5+fn8+uuvXHDBBaxcuZLPvvicP/Q2/+YhUBQFTXPz+OMTeOeddzhrxBkkJib+T5arFUKQkJBAcXHxQY+RZZlevXoxd+5cBg8evN/3Z5xxBsuXLz/sb91444288sorrfb2bR4meiAtfvz48WRlZXHbbbftt2f55ptvkpKSwogRI1r1W38mnq0wN6mpqZSXlx9w0Zyenk5eXh6SJGGaJk6nk4yMDCoqKg5oTUtJSWHHjh0dnsMjQMdgmiYhISEHdaR+4YUXGDduHMnJyZSUlPiej86dO/Pggw8yduzYI5ZfHSrkm9PctNfoduFuSoDhFfJC8exRq4qC3WLFYrH44mFbI9ibo2kaO3bsICMjgwcffaRJ2//zHg7D0AgKsvH4449TWVrGyy+/TGpGOpmZmaSlpRETEYmiKPtdnxCC/Px8SktL2bRlMz+tXk1QkHeboTkeIV9TU8Ocf8xm0aJFdO7cmc2bN3PllVfy8ITHmiaHg/eBLEy6ZqRx+eWXs27dOgYOHOgzDx2JoDQMg6KiItauXUv//v1RrRamP/lkU/x2R9wLk+BgO48++igL3vsXgwYNIjU1tU11l/8bEEIQHBx8yKgM8Ewqd9xxBzab7YDnaM2EIssydXV1TWPy8O0SQhAaGkpDQ0OL74KDg+nZsyd/+ctfGDduHCeccAJr1671fR8ZGcmTTz7Jrbfe6vvsWL6nDQ0NxMXF4Xa7D7r9dcsttzB79mxsNhu1tbW+Bf7BpuOHHnqIJ5544oD3K8Cxi/d+Dhw4kF9//XW/7yVJYvbs2YwZMwZZlgkLC2vx/QsvvMCdd97pk4VHwlGTfM2FdYg9iGCb3fe5tyP88eC6XC62b99Ojx49ePjhh5EVuWlVdPTz6XvN7nfdNZbk5GQeeughuqWlc9ppp9G9e3eio6Ox2+0H9RSWJInIyEhycnK45upr2JCTc8hrCQ0NRdM0du/eTZf0NLplZbJ1x3aGDh3KqlWrEOLgfWACW/K24dQ0GhoayM3NJSsri+Dg4CPyZFYUhcTERCwWCxs3bsTtdvP8MzN57LHHMOWO2Tevq6vj/9s777gorvX/f2ZmK7v03kGKgiBFsaKCNZbYYjeggg1Egz3maqzYURCxxlxTjFHvNxpNvX5/Sa4pN9+b3ESNGo29RaOigsCyZWZ+f6wzAdkGLIrmvF+vfYk7szNnZs6c5zzPecqSJUuw6G8LsHfvXnAch/DwcEil0r9M+tNz585ZFPAURWHcuHFQq9VmNXCKovDw4UOrGeh4nse3336Lbt26Wb2/LMuif//+JtPj6nQ6jBkzBlOmTIHBYMAvv/xSY/uSJUswYcKEJi3YqyOTycyWCRWIjo4Wc5ULk2lL70RISIjNqU8JTQeKolBVVWVSwANGU3xqaiokEgk8PDzEwmSA0bLVokWLOsfFP85TG/ke19Ab+gJznDFm/MqVKwgLC8PMmTPFgUc4/pP6CC+rk5MTlixZgm3btmHDhg1ISUlBr1690LZtW/j4+IhZySxdu0KhQEhIiJhvQBC4pj4AsGDBAkyePBm3b9+Gp6cnbty4gUEDB0Gr1drU9tVrVuOFF17A//3f/4ke6/VeC6IoeHl5ITExEc7Ozti1axdWrFgh3qPGuPc6nQ97O6AAACAASURBVA55eXlIS0vD6dOncebMmRoZBZ93mjdvbnE7z/NISkpCRkaGxeeqVCqtZsXjeR6nTp2y2j8Ey8Dnn39e6znQNI3CwkKkpaWBpmkolUpx/ZmijJnwGIZ5ZurGC/kEzEHTNGJjY6FWq0UzviUfGIlEgpSUFFRVVZl1VCQ0TXieh1arNTtZXr16NSIiItC8eXN8/vnntZ5xZGQkevXq1eB2PBfqjSDgL1+/htDwcMxfuACMXGa38rB1DvHieKzOW4GJEydiyZIliIluid7de6Brp2SEhoZCpVLZvLbGMAzc3Nxw+MNDWDj/NdAcb/HclTotIGFw9tw5aLVaREZG4pPDh1GYv96msEGKojD3tfmYnJ2NX3/9VRT0DRGSrq6uiI2NRVxcHDZt2oSF81+DQiIF30j3v7xKg6mvTMfQoUNx/vx5nDlz5qnWR38SCOZwU+lsq+Pu7m51HwBi4SFL0DRt0z0tLy83O2HgOE4sb6vRaGoIPKlUitWrVyM9Pf2Z0WIpioJMJsOsWbOgVqtrTMBjY2NRWFiIcePGYezYsWKUAE3TmD59urjsISzdtW/fHhs2bMDgwYPxyiuvkLK6zxgGgwEdO3Y0+R7JZDI4OjpiwIAB0Gq1GDZsWI3tGzduRIsWLexivXrmvThYlkVlZSUePHiAiIgIzJkz56m1Ra/Xo1u3bhj84gBMnToV0a1i0bNnT0SGR8Db07PO6TsB46Dh5OQET09PqNVqo1ZjoTaAVCrFokWLsGDBAvz73/9GfHw8IiIisHv3bry+8HUsz1tudWDmOA5Z2VnYsWUrPvnkE6jVanh4eNSp3Y8j5LxXKBTYtWsXli9fjplzZoORSBolPEgmk2Hu3LlYtWoVDh8+DOBPEynQtNd060thYaFVU/3ChQsxfPhwm9bdq6qqxKgWUwgpboXqk+b2OX78uNlzFBUViTUaqvcxiqJQWFgItVptU0XJpgTDMMjLy0OLFi2g1WrBVsuoOXXqVAA1+x9N08jPz0diYiLu378vCnme5zFp0qR6jRuEp4sw6a7uWyIglUoxZswYcSk0LCysxjsWHx8PhmGQmppql7Y8s0JeEFSVVRqUVpTD08fnqQl4nufBanXYVFSE/fv3Iy8vDz169EB0dLSYb7ghSxIymQxeXl6gadroyMNYHpx1Oh0cZHJcu3QZEaHN4O/vj5KSEqgUClAsB54CYGWAV6lUOHToEJKSknD27FnIZLJa3v91Ra1WIywsDAzDYM+ePVi3dh2yc6bC3d29UUqZ6nkOs+bNxbq163Dks89AURTCw8NFofG8DJzCuzB79myL+61evRqenp42C01r1bEEJz/hb1P3s6qqyuxgJaTI9ff3x5gxY0QzN03TSEtLg06nw4gRI2xqa1NDLpdjwoQJte6fuT4nkUgwduxYk/f7eemnfyV0Op1ZixlFUUhMTER6ejq0Wi1u3boFwLhEptFoMHHiREyePNlulptn0lwvDCgPHjxASUkJnJ2dMf+1+U/FNK/T6ZCWloaioiLMmzcP9+/fR8+ePdGlSxeEh4fD0dGxwck7JBIJvLy88PHHH2Pt2rVWa7jzPI8lS5agc+fOuHbtGmiaRmRkJL744gvk5+cDsC0b3RdffAGFQoELFy7g0qVL0Ol0DTZ5q1QqNGvWDElJSdjz/h4UbSyCwWCATqdrtGc0c9ZM9OjRQ0xrLPgnPE/me57nrZrXZTIZRo8ebfMxbblH1hLihIeHm11Pf+2115CdnY3y8nLRURIwmrXbtm2LadOmPfMhY6b8ZuqyPxHwzx48b6xwagqZTIbVq1ejXbt2YFkWjo6Of0adaTQoLCzE8OHD7eoo/MwJeeGGlJWVobS0FEGBQZg9+1UYDDx4nq7Dh6nj/tU/f8bi56/Lx08//YQVK1agU6dO6N69O+Li4uDh4dFgr8jq16xSqeDj4wO9Xl+tPKz5NpaVlSMyMhIXL17EnTt34OrqipiYGOzatQv56/JFz15Lx2ApYMHiRRg+ehT++9//4urVqzWq3NUXwZmwU/sOOHzwIFbnrUBMi6hH4ZT1fSaWn+vMuXPQum1blJeX4/Tp02IK3+dB0Gu1WpSWllqc+S9btgwJCQl1Oq41k75wPnPn1el0ZuP1N23ahKioKOh0uholYxmGQWZmJsaOHfvcCbnnoa/9VWjI2KDRaBAQEGBy27Jly6BSqRAZGQmlUilOgCmKQkFBAbp16wZXV1e79vtnTshTFIW7d++ipKQEHh4eyJ2R+8gph6rjB/X4DQWW5WAwsHjxxRexYcMGLFq8CDzPo3v37khOTkZQUJDdY7MpioJEIoGnpycuX75crcCI+XZKpVIcOnQIzZo1w4ULF8CyLHx9fZGYmIhffjmBsWPHPtKSLN8jmqYxd+5cjBs3DseOHcPt27fFNjXkeqRSKYKCgtCuXTscPHgQEydOREpKCqTS+jxLW54r8Or8V5GUlISrV6/it99+Q0VFxXMhRITsiOY0Zpqm4eLignbt2tX52Jbuj+DEaSwv/ed+wgAZFhZm0t9iwYIFaNasGVJTU2ul6iwoKEDfvn2fuXV4S3AcJ1qPWJYVHWCJ0G9a6PX6GmmHBUtgXRCiK0zlR5BKpXByckJGRgZcXFzE91UqlaJLly5wcXFBTEyM3R0snxkhLwwc5eXlqKiogH9gAObNfxUsz4Pj9OA4AzhOZ8Pfehv/1tX6m9VVQSFnsD5/LW7fvo21a9ciuUNH9Ejthvj4eLi5udlNe38cijLmh79+/bq49mrp+qoMWvzvl1+gfadOKC0txf379yGVShEWFobSB6WIbt4CSqnM7LUa//7T5D3vb6+hT7++OH36NO7du1fnzm8Kmqbh7++PDh064P/9v/+HAQMGYOzLoyGlAaVcYudnaVzGmDl3Dvr064tbf9zC9evXrcYzPwtY0rblcjkKCwsxdOjQOidSsVY7XhDsj59fEF7Xr183+TtfX1/07t27lsd8165dARizwT3rCONVaWkpZDKZmH1RKpVCLpdjz549RNA3AQwGg/ishKgnIQ2xkJmxLs+JZVl4e3vX+p6maWzevBlDhgyBs7NzrTYMGjQIaWlpjdIfngkhL1x4RUUFrl27hqCgIOTOnAn+0Zohz3PgedbGvzkb/+bFv41w8PP1Qd7SZVi4YAHKy8uRmpqKTh07IvRRHv3GNC8KTk5eXl5gaObRd5aujwfH8/jl5C84deoUrl27Bp1OB7VajcjISHz80UdYvHgxaJqqca21/zZ+NBoNfj5+HH5+fjh79iwqKysb1CGrrzl6enoiISEBX331FVxdnDF71sxH9503cX31fZZ/mt9yZ85E55QUXL58GefOnRMzsD2LAy7P8xarWgnJNUwNPLYc2xJDhw5FUlJSLSGv0+nEksnVoSgKb775JqKiompNhmmaxuDBg0Xv88aksZ+z4F9y6NAhuLi41Lg/wrnHjx+PcePGNfhcz/KS09Nut1arhcFgQHJystlwUKlUWitDoyWOHj0KrVZb6/uoqChUVlZi+vTpqKioEL+nKApr1qxBv379Gk12PLG0tg1Fp9PhzJkziI2NxfRXpsPwBJtN0zTWrF4DfVUV1uavQ1xcHGJiYxEQGAgnBxXqkxGurgiP6ebNm/jPjz/Axc0Ne/fuhdEUbf5e6PV6bN+8BQcOHEBycjK8vLxgMBhw8eJF/Pvf/8aol8cgd8YMm9ogk8lQsC4f77z7Dtq0boOwsLAGp9kUrovnedy/fx8//fQT3N3dERMTg2m5xthgez9pBwcHaDQaFBUUYu/e9xEdFY2oqKhnMmWoRqOxWHHO1dUV586dq1EAyVYqKystms2Li4sxYcKEWiFeLMtCJpPVsvY4Oztj4cKF2LRpE65cuSI+e5qmsWnTJowePVp0VLUnghWn+v+rx6jbE5Zl8cUXX6B///42VXQ8ffo0oqKi6nUewHjvDAZjXY5nIY6+umWI47hGs3za0o7AwEDcvn0b1pxW3dzccOPGDZvyS0jMhAQXFxdj9OjR8PT0rLGstmHDBkREROCFF15otOfX5DV5QYu8cOECoqOjkT192hMV8ACwZs0avL7odby1+110TU1F586d0Tw8AmqFMXnFk1jXFbReFxcXOKrUSEnuDGMEJANLj1GYiV67dg03b96EXq+HVCpFcHAwWrZsiYcPShER2gyUDfdUp9Nh2oxcDBs5Ev/3w39w69atBmciq67Ru7q6ok2bNrh//z7++c9/In/NWoC1f5YvwQqRPS0Hw0aMxG+//YazZ882ShhfYxMSEmJx+4oVK6BUKus1mIaHh1vcLpg1HxfwhYWFtQZNiUSCZcuWwWAw4OrVq6LQFRyOXnzxRTg5OTWK0NVqtVCpVOJ9UCqVUCqV4tqrsCzRUH1HmNz06tXL5pLN3333XZ3Oy7KsmL9AJjPW+HBwcICjo6O4jtyYVL9XdclvIZTbFfIeyOVyyGSyJ1pCVzC9l5WVQaFQ4ObNmzbdM5lMhpKSEov7GAwG0fRfHYqisHjxYjRv3hzu7u41xsvCwkJ4eHigV69ejTpBa/JCXqfT4eLFi4iIiMDMmTMB2Bb+1dAPTdMIDQ1F0cYirF27FomJiUhOTkZiYiK8PL0aRQuwBblcjsDAQFEg2XItr776KnJycnDp0iWUl5eD4zjI5XKEh4fj559/Rk5OjjibtfbR6/XIyclBWloajh8/jjt37thlYKk+iUlMTISLiwu+/PJLFBQUNNozBoCs7CwMGzYMp06dwtWrVxu8DPEkMRgMuHPnjtntCxcuhEKhqJeFgud53Lx50+Q2hmFQXFyMl19+2eQgPWvWLJNtPXz4MObPn1+jv6xfvx7Jycnw9/e3+2RZr9eja9eucHBwgFarrREZsnr1apw5c0YU/hKJBAzD4M033xSFgS0I701paSkcHBzq9C5IJBK4uLjYvL+Q/9/BwUEUToLwNBgMkEgktbIG2gthciF4hTMMY/PEiGVZhIaGQiqVoqqqSkwQBAA7d+60e1vNtYHjOEyfPh2+vr51Uk7GjRsHFxcXi9fKcRwcHR1rPX+e56FUKtGnT59a/V6hUGDkyJGNHibapIW8Xq/HjRs3EBYZgWkzcqFlDeA4GkYNtrE+RhPY0tcX4eWRo7By+XLEx8SiQ1JbREc2h4eLKxiafmoFTwRP6s8++wzz588BYABgeWARkozcuHEDv//+u7i84OzsjIiICOzZswdr166t1gkt3x+JRIKlS5eiR48eOHHiBEpLS+0iGIVB3tXVFa1atYLboyWJ4k3FNrSrfh+GkSN7+jQMHzUK//nhB1y7dg1arfaZEPSPm6Efx93dHenp6XXqq4LgsDTwdOjQARKJxGR++7t375r8DUVROHLkSA0T/caNG5GQkID4+Hib22cLwoCuUCjw7bff1trO8zzmzJmDhIQEaLVacQ2V53lMmDABSqXSprVuwVN+8eLFcHFxsVl7F1i/fj06dOhgNYJByOqpVCrx2WefmTQvC++4EK1gL0HP8zwqKyvRuXNnODo64vLly+JkSa1WW1yvFtquVqtx7do1k/tY68P2QGiHh4cHtm3bVqc1dgDw9/e3uGzF8zwkEonJtXiGYTB//nzx+UilUuTl5QEAJk2aZLL6qL1pspkmWJZFSUkJgoODMTk7C4xE8qgzNLbTjBbFxcXYsHYdlEolkpOTERUVBS8vryYRbiWkufX29oaPtw82bdpk/B7m28bAqEllZWXh6NGjYv58iqLg4+ODjh074quvvsLsWbOxZu0aK6Yj4/2/d++e+LKcP38eUVFRtcKh6nt9PM/DyckJCQkJkMlkKN5cjOJNxcieOr3BxzcFy7KYMHECdmzdhl1//zsAIDg4GHK5vEk8c3P4+/ub3Zaamoo2bdrUyRmU540FNdzc3CwOvCNHjsTEiRNNHtdcmx4/3qZNm+Dh4YFOnTrZ7R4Lgq+yshLOzs5mr8GSqVn4jVQqhcFgsPguMAwDJyenOgsNwFh6VCaTwc/Pz6JPj8FgQF5eHvLy8my2EshksgYvowmTnNu3b8PX19fkPs7Ozrh06RJatmwJ4M9JumDxO3v2LOLj4y32JSFfRWO+ZxRF2Txxe5zly5eLzqvmJss8z6OgoMDktsf72Zw5c+Do6IjJkyeDZdkn4kfR5IS88CBKSkrg4u6O+QsXgGbkaNzJnrEeu0ajwc6dO/HKK6+gdVw8WrdujWbNmok1fpvKgC+RSBAcHIxPPv0E58+fh1artdpZOI6Dp6sbEhMTa1TnUygU8Pb2RklJCcJCQiCjGbCwPkBo9Xq8uuBvWL9+Pd75+y6oVCqEhYXZpayrcJ+VSiWaN28Omqbx5o4dKC4qQHbO1Efb7dl1JaBpCtNnzMS6tWvw7u530Y1hEBQU1GQLo/A8b1ZrVigU6N+/f53i4oXkTk5OTha1q1WrVqFDhw4mtxkMBps0yM2bN8PR0REvvfSS3S1iQj7whmiHgkb+zTffoEuXLibfe47jMGDAAJMCnmEYJCUlIS0tDTNnzjSp4Y0fPx4ZGRlWBZxMJhO99W2F4zh8+umn6NOnT73GLOH5R0ZGmtXAAaMADA4OrnEOISeAl5eX1fBUHx8fuLm5Neq4yvO8SSdQwDjOLFmyBF5eXpgyZUqtbWq1GgqFAhMmTLDYTymKMrlE9Tg5OTnw8fHB1KlTn6gluMkJeYqixOxd//PB/+DevXto7GYqlXKEhARh+vTpyMvLQ3JyMtrEJyA4ONhivfenBUVR8Pb2RocOHdCyZUub1sYoioJCIoWrq6uY7U7QmtVqNYKCgvDRRx9h9erVmDP/VZuvd+HChVi5bDk+/PBDODk5VUvU03AoioKjo6NYPrWoaCOKNxVjStYUu78kFEWhoqICuTNysWrlKnz04YeQSqXw8/ODRCJpUs8fgEnBISAMnras9Qmm3wEDBuCTTz4xu59EIkFeXh48PT0RFxdn8n6Ym3RU57333oNWq8WYMWPsdk95nsfVq1etOiHWldOnTyM5ObnWBFp41z7++ONav1EoFFi+fLmY9MRUSOCKFSuQmJho1VQrnOd///d/69z2fv361atMtDDZc3V1BcuyFsvmVlRU1DBj8zwPg8FgMdqjOrNmzUJaWlqjhh2b8xuhaRpr1qyBVCo12W95nkdeXh4mT55s1WnV0rso8MILLyA2NtbqhKExaFJCXlj/uXv3LhwcHPCvf/3r0ZbGqyWt0Wgwe3YuHB0dsXLlSrSOi0d8fDx8fX3FQbKpDfAURYFhGHi5ucPb3Vi5yxYhX30f4ZoEc66Pjw9atWqFffv2YcK48casXDZe9k8njuP2vRLcv38fXl5edq2aJcyoW7RoAZ4Cdr65E5uLN2Peq/NqxJvaA6nUWBNgztw52FK0Cfv27UNKSgp8fX0bXH/A3ri5uZndNm3aNKSnp5vdLgh2iqJw/PhxtG7d2mL/USqVWLduHSIjI9G1a1eTViOe5y0nsaGApXl5+P32H5gxbbpd7qXQ5r1792LUqFENPp6lc1SnqqrKrMPcspUrEBwSguT2HWpNsmgJg4KNG+Hj44O2bdtaFfBarRaenp717ueff/45+vTpY/P+gnVIKIZlyXqgUqmgUChqCKzs7Gxs27bN5vNJpdIaAtTUva4+btVl2QkA5s2bhz179tTa7uLigoULF6JPnz7Ytm0bioqKamz38vLCwoULMWTIEKtjmWApMAfN0HBxc8OLgwdh/PjxT8WXq0kJeb1ej99++w3x8fHIyMgAJW3c5kkkEuzatQtvvfUW7ty5g+TkZMRGRcPFxaXJF8Z4vOPZWvzC0jY/Pz9069YNV69ehUajgY6zzXmHpmm0adMGnp6ejbbGpFKp0DImBoxUih1v7ED+unxkT81u8NqjObKysrB161Z89NFHaNu2rbgu2VQEvbkBWMjUZaqdwuAnxFWr1WqrYYM5OTkIDw/HkCFD4OHhYfa90Gq1Fo/10vDhUKlUyMnJafA9FK5Do9FArVbX2TQvlUrFVLyWBAvP8yb7szlNde3atejcuTPaJyXVch1SKBRYtW4t2rdvj4SEBDAWfGgA41puamqqRZO3NUF86dIli+d4nH379mHkyJEAzPcvgSVLlmD8+PE1fBhsLfokl8vh7OyMwMDAGhZFwOhP4eLiUsM6KXjlA7aPczzPo7i4uFZ7wsLC8Morr2D06NEmy2evXr0aTk5OSE9Ptzk9uSUhz/M8FixciHHjxj01mdIkJJnwQl2+fBlx8fGYMGUyeIYG34gxnxRFYfPmzfjb3/6GQD9/pCR3RlRUFJydnZvMQP4kEdbnQ0JC4O/vXyfvXGF2KoQhNRYKqQwtwiNAczx2bt+O4sKNyJqW0ziCngJycl/B1k3FOHLkCBiGgY+Pz1NfuhEGLXOe3GvWrMGoUaPENlYf5FiWxQcffIAxY8ZYjXN2cnJCXl4eaJrGlCnml0eqD8SmUCqVWLNmDQwGA7KnZEFKNcwiIlgh3n77bZOlXC3x2muvwd/fHzzPQ6FQoKqqCjk5ObX2oygKLVu2RIsWLWrdR3OFR4qKihAWFoZO7drXEPAURWH48OHo3LkzxowZY3PI3LBhw/D999/X+E4mk4khpSzLiiHF5rD2XgjjLs/zCAgIEEueWoOmaTH00GAwQCqVgmEYm99DrVaL+fPno3fv3qJA1mg06NGjB77//vtaz1Sv14NhGGg0GpucYfV6vUnBS9M0xo4di7t379YS8BRFYf3GQvA8j8zMTJvySgj3ztx7NGnSJLRq1QojR46EnHl6S35NQsgDxkxuERERmDRl8hNJkLB923ZMnjwZrVu3RoektmKd8b+igK8OTdNNNvOb4CUbFhYGANi4cSM2F2/G5CmTrXpC1wetVou5c+ciLy8PX375JRiGgbu7+1PtIyzLYurUqWaFG8uy8PT0FLdXVVVBLpfD3d0dlZWVVsO8KIrCli1boNVqMXToUHh7e5u9XmGAE0pmmqJNmzZwcXFpcDxw9cFUMPPa4owmCJEdO3agvLwcWVlZ4vccx2HatGm17iVN08jNzUVycrL4XWlpKe7du4fff//d5HmmTZtW4/9CHPnGjRuh0+mQlZVlk6mW53n4+fnVErgSiQTLly+Hu7s7hg4dKqZDvXHjhtljWXsfhBh7pVJptV3VKSwsxLBhw3D8+HEx/LGuYzbDMFAqlaKGbktBomXLlmH58uUW9zEYDGYjPDiOw+uvv16rHSzLYsOGDVA6OCBjfAYkNrzfgu+CpSx4UVFRmDRp0lPL6ifw1IU8x3EoKyuDu7cX1hVsgEarA8M0hkez0USp0Wjw9ttvY9bsWUhJ7oykpCQ0a9asyXpRE2qjVqtFQf/Orl3YUrQJ2TlToRMFvf269bWbv2PfB/+DPn364JefjyE+Pr5OCUzsjV6vx/bt22t9zzBGfwJ/f39oNBpRUG3fvt2qMKRpGq6urli0aBEoikL37t1tiiwwGAw4cOAARowYYXafrl27YvTo0XaJuDh16pQoVCw5hFXHwcEBS5cuhVKpFMvXAhAtMjRN1xBQQppYrVZbo80ODg4mzbumkEgkaNGiBbKzs+Hn54cXX3zR5utnGKbWpKN///7o2bMnRo0aBQ8PD1AUBYPBIBYeMoXgtGoOg8GAb775BqmpqTa1qzpSqbTGRFI8p4RBQWEhGB7Izc01qdnLZDIMGTIEMTEx0Ov1CA4OFitbWmPFihVYtGiR2X6p0+lw+/Ztiwmi/mwsIFcoMOOVXAQEBKB///4IDg62qR2AcfLs7u5ucZ/27ds/dQEPPEUhX31d7d69e1DotDh58mTj5e+laVRWVuKdd97BwoUL0bZtW3RIaovAwEAi4J9BhJrMHMfhzTffxI7tO5AxcYLdzyOXy/HRRx8hMTERHh4eOHv2LFq2bGmXnAD1wZzmIAiqkydPIj093aoQlEgkoGkaL7/8MmJiYiCRSDBs2DD4+PjY1A6WZREcHPwo+sU8Tk5O0Ov1DbIOcRxXr3EhLi4OGRkZ8PT0FNeaq2Mq5I/jOBQVFeHFF18ULQ9CNjNbtFUXFxcsWmQsP52eng4HBwebLD9arRZTpkypJTiXLVsGDw8PZGRk1HACYxjGolVm0KBBiI2NNbnt4cOH8PX1reXQJ2QGtHadpsLNFA5KLF2+HKGhoeiZ2s3kMghgFMRdu3ZFcnIyFApFnbNlfv/99+jcuXOteyokpAkMDLR6DIqi8PK4sUhISICj0gGZmZk2n//hw4e4desWIiMjLe6nVCptfpcam6eqyev1epw/fx7R0dHImDTx0WyXhz296QUvYpYFdu3ahcWLFyMpIRGJiYkICgpq8g52BNMIPgSRkZHgeR7bt23Drp1vYszo0ZAqrReSqAtyuRyrV69G8aZN+OLLL6G8eBFhYWGiA9aTMt9rtVqUl5dbdHASsmmZQi6Xg2VZeHl5ITc3FwqFQjSl26pxCGFSQu53axw9ehRz5syx6djVqT5JqeuEiqIoFBYWIiAgACkpKSb9bPR6fW1NlwK6dusGnqJEpzCdTgeKoqwvczA0XpkxA2HBIRg5cqTNWr/QlubNm+PKlSvidzRNY926daAoCpMmTaplCRBStJqCpml07NgRrVq1qrVNyIVQHYZhMHLkSLRv3x7l5eWYP3++zW2XSqVYuXIlFAoFxo4bCwcHFf793Xdm9/f19QXDMPUS8IAxxeyFCxdqfc9xnMWYfuBPR8WCggKAojBp4kSbis4IxweA5s2bm033XB1hKaQ+8Dwv1hixx9jyVCSccBE3b95EbGwsxo0bB0pS20xlD4R0huvz12PxksVo164dElvFISAg4C+//v6sQ1EUVCoVIiIiIJFIsLm4GLt378aQ4cOgVqvt/nyzp07F5uLN+Psbb4jOWU8qJEan00Gr1dZJeAjlMxmGQUpKiqidSiQSDB482GKJWnMIRVhs5eOPP4ZOp7P5N8JgqtfrbVqnrY5cLgfHjNiXJQAAHVpJREFUcVixYgUGDhyIoKAgk/vp9XrMnDmzluBmHt2XSZMmAfhTO7SkCDAMg4jmkRg7fjxcXV2ROdY2L2phucDc/dy6dSt4njebWZDneZOhdVKpFC1atKiVlEpQdqrfU+G469atA03TGDduXK0JgKXr9vX1xYwZMyCXy5GdnS1eT7du3cz+7ubNm+L9FZDL5eKzsCYDbt++jVu3bolasjABE/KZmIOmaaxfvx4SiQTh4eHo1auXzeODUHimLv1ep9Ph6tWrVos8CQgykeM4REdH49KlS6ioqLDZw98ST1zIC527oqICAQEBmDhlMsDQjeJsxzAMXF1dsXbtWixfuhRtW7dGQlw8/P38iIB/jnB0dERERAQoisKOHTvwj737kD01G+X1SDdqjYzMDOx5dzfe3PV3yBUKNAsNbVRrkKDR9ujRA19//bVNvxFCxIYPH46OHTuCpmm4u7tj0KBBDU7uZGogTUhIwIkTJ8y+w++8845NJlGDwYCSkhKzZk7B2c7SWJGfn4+wsDCTZtvq111cXCx+L2hMhYWFGDZiBBiahlarxaZNmzB79myr7Z6eMw0ZmRmQyeRWAuNqllbmOE50elMoFKLVYMOGDQgMDMQLL7xg8hgGgwF6vb5WyKKQP2Pq1KmYOHGi+H1VVRUYhkFycnKN5y5YC3x8fDBixAiUlJTYFAZHURRGjBiBdu3aYeIjbVj4DcdxNmuwEokEBoMB48ePR1RUFI4cOYKPPvrI4m8qKirwwgsv4NixY9Dr9ZBIJGKWQ2s4OBhN87b2/aqqKtA0jR9//BGdOnWqsU3IL2LJGnH27FmzE57Ho16EiA9hm6Ojo5gWuKE8FU2+oqICd+/exYMHD8ByHAyN5E0vl8uxfv165OXloV2bNkhISICPjw8R8M8hgte9VqvF3998E+vX5WNy1hTASixxXWEYBhMmT8KWLVtw8MABKORy+Pv7N5ovyb1792zqswzDwNvbG6+++qpYYMbd3R0DBw6sEeoENGx5obrwUKlUWLJkCeRyOWbMmGFyf543Fn1JS0urtSQgOJBRFAWNRgNXV1ez2rtarUZeXh4OHDiAf/3rX7WdvihKrDTXu3dvs+2vqqqqFeeu1+uxYcMGvPTSS1AplZAwDBRyuc3e8CzLgqEZgOcBC/dWKOzy66+/Ij4+voZA5TgOAwcORJcuXfDiiy9azN7HcRwcHBxEIVm9LatWrUJISIgohIT86M7OzrUmBUVFRWjWrBl69OghevXb8q5s2bIFVVVVmD59ujhxEq5FyKZpCcFsnpycjL59+8LLywtjxoxBZmYmPvjgA4wdO9biMU6ePAmJRFKn95phGPGeWktuI2QKTEpKwsmTJ2v0A+E6i4qKwLIscnNzzbZ1zpw5yMzMBE3TkIi1V2rm+BeimR6/lpUrVyIqKsrm67MExTeGjdwMwnrelatXEBAQiJUrVkDXCAKepmkolUrMmT0bb739Flq0iEJUZKQY/kSE/PNLZWUlrly5gl9//RV9+vRB3sqVxlzcdj6PwWDAirw8/Pif/yAsPBzubm6NIuiTkpIsDmYymQyzZs2Cs7Mz3NzcEBYWBicnp1qZwuzV51u3bg0AWLBgASorK9GvXz84OjqiQ4cOFjVsmqaxcuVKdO3aVcweyPM8du3aha1bt4pakanhaMbMGaApGv3797foDT537lz07t271hq80K4vvvgCCxYsqKVpzpw5E7169YKrqyv0ej1SU1PFscoW5s+fj4EDB5pNQiRoarNmzcI333xjUlsePXo0AgMD8dJLLwGwHP6m1WrRsWPHWt8zDINZs2Zh6NChoGkaer0eQ4cOxc2bN2v0IZWjGllTpiCpTZJoTj548CCWL19uVmDRNA2O5zBj5ky4ODmjT58+tbJAsiyLdu3a2aRVz5kzBxRF4aWXXhKjHHieB03TuHv3rsWJWn35+9//jujoaLPphPV6PQwGAwYOHIh79+7VirwAgJdeegkhISFo1aoVoqOj0b59e4v9XiaTIS4uTrQcCf388uXLGDVqlBhr/zg5OTkYO3asXZYDn7iQv3LlCjw9PZGWlgalgwM4O8tbhmHg5eWFVStXYXnecnTs2BGJiYnwdG3cQgiEpoGQDvTcuXP4+uuvkZWVhczMTGj0dSsDagsUgPfeeReffvopEhMTG6VSYVVVFbZu3Yq5c+ea9ZjfvHmz6PHcWH1cyJKnUqmwdu1aJCUl1RjQ66pZWUMul0OtVuP1119Hs2bN0LdvX9y4ccPsOjsAbNiwAbm5uTW+E/KKC1XIBCiKwpgxY5CUlIT+/fsjNDQUhw8fxsCBA8V9hGUPIZbaEqmpqfjkk09ErUyoxNa/f38cPXrU7O8ZhkFeXh5UKpWY597SMzSX6AUwxq9nZmaC4zjMmzcPW7ZsEbcJ2vOMGTMQGBqCjIwMOKvUYrlcJycns5MalUqFPn36ICUlBd27d0dERITJSYgQxmmJwYMHo0ePHhgyZIhF7/Nly5bVimm3hC1LORRF4ezZs2jWrJk4qQCM99SaA56zszMWL14sZsMTrr958+Y4d+6cze20BaEMs6m6B/XhiQl5nudRVlYGJycnzJw7B7du3bK7ox3FcnB3d8ea/HVY82ggah0XbzEdJ+H5g39UA+HcuXP48ccfkZmZiYyMDGh1OrtPKgP8/bF02TL857t/N2oM/XfffVdrXRAw5rA/cuQIEhISADS+p39BQQGGDh1aK/Pb0qVLsWjRooafgAIomsaaVashk8nw8ssvi3n61Wq12TzuFEXhww8/RP/+/UVt6eHDhwgODsbDhw9rCB+aprF69WoolUpkZWWB53mEhoaK3tmMhAFoGouXLIGbkzOOHTuGHTt2NPzaqreXprA0Lw9ODsYc8I87o5nj1q1bZku/FhUVISAgAMOGDashsAUBv3DJYri5uuKVaY+88h/5BVgql0vTNPLz8yGVSpGdnW1s+2N9jGVZcBwHlUpldiIqk8kwduxYxMTEiImDrJnNbdFiGYZBz5490bdvX8yePdtqFERdoCUMOJZF8datYLU6hIeH16gFYCn1cV2RSCRgWRYZGRmIj49Hu3btkJSU1ODjAk9AyFfPvHXx4kX4+/tjUnaW3c9D0zRYrQ7vvvsuli5fhvYdO6JNmzbwdvd4KkUBCE+fsrIynDt3Dt9++y2ys7ORnp4Og90N98bCHP7ePigrK0OzZs1Ec7E9Be6//vUvpKSk1Pr+b3/7G2bNmgUXF5ennm7XwcFBzGBWFwStyt/fH3Pmvwqe5xHXMqbW9VbXvkzxww8/ICEhQVwbflyrFEqOFhUVQa/XY+rUqWBZtkY4IMMwGJ+ZgbiEBKPWNnoMtFqtzaFWtrC+YANoiQS+vr4YNniIzc9N8LWoC8K6/eatW6BnWWRnZ0PyyD1QSBMrl8tNavFSqRT5+flQq9XGCCgzXv4Gg8GigKdpGnPnzkVAQECdtFOWZeHn54eSkpJaCYs4joNUKsW6devAMAymTJmC06dPmwwbrCsURUEulyNv5QpQDIOOHTuiXes2JvcVvO7rGy4nWIu2b9+O8vJy+Pv7Y8iQIXZVSp+IkOc4DufPn0d4ZCTGjBmNxshIr9FosPf997Fs6VK0adMG7dq1g6+PLxgi4P/SaDQanDp1CidPnkRaWhqGjx5VwwnGHnAch/fefgfvv/8+YmNj0bJlS7tW4tPpdHBwcDBpity0aZMYvvQ04Xkev/zyC+Li4mz+jWAGHzVqFJKSkiCXyzF69Gg4ubiAeiwCQHBAtJbkx9R6tzCQAkaTdmBgIHr27AmO4+Dp6SlmuQsJCUFubi4YhsHkyZONTnSPln9UKpW4X52hAFoiwfy58+Dt7Q1vb2+8NPQlUBQNCrZZX3ieN+k0aAmJRIJRo0ahQ4cOCAoKQt++fcGBB0MZx0SdTge1Wm3ynspkMmzYsAGtW7dGUlKS2UmrYDUzmcvg0XWvXLkSCqkMOTk5dVK4hLCy7du344033sCJEyfA8zz69++Pfv36ged5NG/eHN26dRMd5mQyWYPf7S1btsBgMKBt27Zok5Rk1NYt1G6oqKiwmF2wOkL/lCmMOSvWr8sHwzBITU0VHe3s/S43upDnOA4lJSVwdnbG6PTGqR0slUqxc+dOzJw5Ex07dkTnDh0RGBjYqMVSCM8O5eXlOHPmDG7cuIFeffsgPT3dplChusDrDdi/fz927dqFjh07IiwszG6zcWFwf7y9DMNg165dePnll+1ynobC8zz++9//mjQzCvdb+FelUqGgoAAajQYODg4YO3YsAFi8Z9XjqetKnz590KNHD0yYMAFOTk4oLS2Fq6sreJ4X1/5dXV0xcuRIkzUshLh9W9PpVicn9xVERUVBAgoTJ0602RRdHSFm39qad/V+vXHjRlAUJU4CH7+mhw8fwtnZuUa/omkaAwYMQJcuXdCtWzfExMRYHEc1Go3ZbIBypQIrVq1CbGwsUjt3MevwZonqRWA+/fRT3Lx5E76+vujSpQscHR1Fpz2hLX379hVLlNvyfldPc7xlyxbwPI+oqCgkJyeD4zgxM6QlBMfK+Ph4nD59upbvx+PtWLRsKTw9PaHT6TB6+AgxX0VjWZwbXchrtVpcuXIFrq6umJSd/ajDCKekGvD3n7z7zruYO28uoqOjkZqSgvDQZjUePuGvDcdxqKiowE8//YT7D8vQPbUbxo4bC1ocvIR+JQxAde+TNA9UaTTYv38/jhw5gpiYGAQFBdmlD/78889ITEys9X2rVq2wf/9+qyk2nxSC1a6yshJvvPEGGIaBRCLB6tWrcffuXeTm5sLPz08UCH369EF4eLgYSmRNADx48ACurq51apMQ//64sCstLYVOZ1zek8vlGDlyJJycnESB9nhbDAYD9uzZg8zMTJsEPU3TKCgoMC4dOCgxbvx4yOi6CzkBqVRqkxVBIpVg3dp1AIAhQ4aIGeaA2tfUq1cvHDlypMZ369atg1QqFQvqWHsu5pYQgoKDMHvuXIx5+WU4OzqBsYNyVz2BkLmJB8/zKCgowOzZs212BBUq+7Vo0ULMTVDX5yQ4aO7YsUOciH7xxRc4ePAgBg8ejO7du4uheS1iWqJj+w5QKOSg0fjRXo0q5A0GA65evQp/f3+kpaWBo+2ZrN+Yd/rtt97G5i2boVKp0K1LVzH7GdB0an8TmgYPHjzAL7/8Ajc3N7i5u2HG7NmPBk57aNwGo1e1To8PPvgAn332mehxb4/iLKbIz8/H9OnTm5xTqTC4ClrMw4cPcezYMbi7u6NZs2ZiLLUgROpy3H379mHUqFFW9+3Rowd69+4NhmGQnp4OV1fXWtrsnymvWatapjCB+eOPP3DgwAGsWLGiRkU6X19fJCYmolu3buI1RUdHo3v37jZNYKxhzXOdoii89vpCeHh4wN/fH0MHDRa/N0VlZSX8/f3x4MED8bvNmzcDMJZItdUKqlAoxAgGgamvTEdYWBimZWWL1/6kxmLhOX355Zf48ccfsWDBAnFSSVEU4uLiEBsbi5j4OMhkMlAsh969eyM8PFxMJmSP8wt9/4cffgDP84iOjhYtD0JbnhSNKuTv3LkDd3d3jBgxwmjSsGt1OQP69euHESNGYMeOHejUqRNio6LrtGZF+OsgdPMHDx7g5MmT8PTyRFlFBVauXAl7CXkAkNEMoqKikJOTgxMnTqB169Zi3Hp9MfdbqVQKjUbzl1mWEtZoaZrGzp07sXfvXjE8bcCAAUhKSoKTk5NoGZgyZYpN5ta6wrIsHj58iE8//RTl5eWoqKiAWq1Gp06d4OXlBTc3N+h0uhoZ7RqKOadDqVSKrVu34ubNm2if3Aldu3Q1CisbjqnX61FUVCSGRnp5edWpYh4ABAcH4+rVq+L/8/Pzoec5zJw5E1Lq6VlShXt1/vx5fP/997h37x7kcjk8PDwQExMDnwB/qFVq4FFkwPNcpKxRhLzgjHH58mW4ubsjK2eq3WcuhiotDh48iHXr89GmbVvExsaSWHiCRYT1vfv37+Onn35Cp06dcPjwYbz/j/12P9f27dvxf99+B19fXzRv3rzeVeuseVQ7OjqirKysvs18JhGEfVVVFc6cOYMLFy7Ax8cHLVu2hIuLC6RSab080euKoLEJ/zbm8mB1cz1FUXBzc8OCBQvg4OCAF154AQEBAfU6v6B5Atbrz5tCq9WisLAQarUaVVVVSExMRIcOHRpUddDeCEmWBK/8v8qkWKBRhDzLsrh+/ToCAwMxfOQIsPaOh6co7N/zPl5//XXEJyagU+fO8PT0fKozR8Kzg2B2PXbsGLp3745lK1fg5MmTdjs+y7KgaRrvv7sbb731FlJTUxEcHGw0D9ZxErp7926LjnXr16/HxIkTTTqLEZ4fLl68iI8//hg8z4sWnIyMDDg4ONg1kqM+CJMPQYg2teWjvzp2F/I8z+PBgwei80ZFZRVYq2Ub6oBBi/3792PB4kWIjY1F+/btERIQaDalJIFgCo7jcPfuXfz000/o3bs3MjMzcf9BGTg7ThQ5nQYffPABDh06hDZt2iAwMLDO65OWPMoLCwsRFhaGfv362avJhCaM4HgmWA4A4ndEsI7dVV+tVovLly9DpVLh4cOHYjYke31yc3Nx9OhRBAYGIiYmBn5+fk99Jkt49qBpGm5uboiNjcXBgwexdetWsI/Wcu3VVxmGQe/evTFw4ED8+uuvuHfvXp3bOWLECJPfb9++Hc7OzmYrlRGeP4Qx7kk7sxGebeymyQuHuX79Onx9fdG/f3/RPNnQzigMmpWVlfjsyBGsWbsGKcmdkZCQAAcHB9LZCfXGYDDg5s2bOHbsGPr164c+ffpAbmMFMmsIa53Dhw9H165dceXKFcTFxdmcOAOonaucpmls2LABPj4+GDZsGOn7BALBInbV5MvLy6HVavHxxx+LA5Pg2NGQD2CcxR48eBArV61EbGwsIiMjiSc9ocEIJVqjo6OxZ88eHDhwQEw6Yo9+CwD79++Ht7c3Tp06hQsXLqCqqsrmRDwSiQTe3t4AjPnhN2/ejK5du2Lo0KFEwBMIBKvYRZMXMhJduHAB4eHhGD58eL0yQ5mDpmls3boV7733HlxdXZGSkoLAwEDi4EGwC4K39uXLl3H06FGkp6dj+PDhdq2qJpFI8P777+O9995Dly5dEBQUZHP/5XkeO3bsgL+/P1l/JxAIdcIumjxFUSgrK0NgYCDS09Oh0+nEcKWGfqqqqsCyLLy8vKDT6dCyZUv4+PgQAU+wGxRFQSaTITg4GO3bt8fmzZuxd+9eMfTGHh+9Xo8hQ4agX79++O9//4uSkhKbtXmKojBp0iQi4AkEQp1psJAXqhBdvnwZEqkEN+/cg56n7fIRKg19ePgwZsyZjdiEeISGhtq1IhSBICCVShEWFoaUlBTs3r0bBw4cEB1HWY6zQ58Gdu7ciW7duuHs2bOorKwUJwEEAoHQGDRYyFMUhbt37yIxMREDBgy0a+YgiUSCefPm4b0976Fly5YIDw+HmxtJeENoHGiahlKpRFhYGGJiYvDPf/4Tb7zxhsniG/WBAoWvv/4ajo6OOHHiBM6fPw+DwUD6M4FAaDQaJOT5R2UYf//9d1y8eBESCQOO09ntw/M82rdvj8sXLiI6sjmC/euX1YlAqAtqtRqRkZFwdXXFnTt3sGbNGhj0eoDVAWwD+jRvAEsBA4YMxvjx43HixAncuHHDrmv/BAKBUJ0GS8w7d+4gPj4eWVlZ0On0dosx1ul0+Mc//oFXX30VUVFRCA8Ph1wuJ1oPodGhKArOzs6IiorC7du3ERgYiEGDBkFbVQUKaFC/NhgMMBgM6N27N9LS0nDy5En8/vvvxGxPIBAahXoLeSE/PQBs2FgIDryJIrD1Ry6XQ8caEBQcjMjISLHmLoHwpHB2dkZcXBy+/fZbZGVlNbjQTHUcXZyxd98+hISE4Pr167UqeREIBII9aJCQv3LlCry9vfHJp58CNA3eDuOfUEhg3759WLxkCcIiI+Dv70/M9IQnilBwxMvLC3FxcThw4AAOHjxoNsVsXdEbDCjeugVhYWE4fvw4Ll26BIPBQLR5AoFgV+otOR8+fIigoCAMHjJYrJ1rD3ieh4NSidIHDxAWFobmkZFwdnYGQPI0E548PM/Dz88P8fHx2L9/Pw4fPgzaTv2Q53kMGzYMmZmZ+OWXX3D79m0i5AkEgl2pl5BnWRa3bt0CJAyq9HqwLGu3D89x2PveHuza+SYiQpvBz9uHaPGEp4ag0QcEBCAxMRH79u3D4YMfAgYWfAP7ukQiQVVVFQYPHoy+ffvi7NmzKC8vf9qXTCAQniPqJT3LysoQGhqKoUOH2i28SMDJyRl//PEHfH19ERoaCqVSSYoxEJ46UqkUISEhSEpKwrZt2/DZZ5/ZrWa2RqOBwWDAjRs3cPHiRVRVVdnluAQCgVAnIS9k7rp69SqkUilYrQ683mC3j65Sg/d2v4t39ryHoGah8Pb2Jlo84akjTDIlEglCQkLQrl07fPTRR/jwwEGjRt+APi942w8aNAhDhw7F8ePH8ccffxBvewKBYBfqLEHLysoQHR2N9u3bg2VZ0DRtt4+joyM4jkNAQAACAwOhUqmIBk9oUiiVSkRFRcHb2xs///wz3nnnHbu9BwMGDEBaWhp+++03lJWVPe1LJRAIzwE2C3kh8c25c+fEesb2rBPPMAwOHTqExa8vgre7B3w9vRrzugmEekFRFBwdHdGiRQtoNBr4+PigQ4cOdnkHWJZFWVkZSkpKcOHCBbt58hMIhL8uddLk79+/j9atW6Nnz56Qy+V2K97B8zxKS0shlUoRFBSEgIAAqNVqosUTmiwuLi6IiorC559/jlWrVokRJg35sCyL3r17Y8CAATh9+jRu3boFg8HwtC+VQCA8w9gs5PV6Pa5duwYOPLSsMT2nPT+zZs1CQUEB/Pz84OnpSarMEZoswuTT09MT8fHx+OCDD/DZZ5+hrKyswe+BVKnA4MGDMWLECNFsT9bmCQRCfbFZyD98+BCJiYlITU0Fz/N2NdVzHIcBAwagoqICAQEBYlw8gdBUEQS9l5cX2rRpg3379uHbb78F9WhbQ96FqqoqaDQaXLx4ETdv3oReryeCnkAg1AubhLzBYMDVq1eh1+sBNCx3t6mPXq+HATzcvDzh4e0FmUxGTPWEJg9FUZBKpfD29kZSUhJ2796No19+hfIHpaDY+r8PWtaA3v36YmxGBo4fP45bt24RIU8gEOqFVSHPcRzKysrQsmVLdOrUCRxn34pZFEUhJycHS5cuhbe3N5ycnEnYHOGZQqFQICQkBG3atMGhQ4fw9ddfQ6lU1vt4FEVBo9GgX/9+6N69u5gkhwh6AoFQV6xKU5ZlcePGDeg5DhKFHBzsq8nDwGLMiJFwVDrA19MLrk5OT+CyCQT7QVEU5HI5IiMj4ebpgWs3f0dO7iv1Ph7P81AoFKioqICjiwvOnD+HW7du2X2CTSAQnn+serdptVpERUUBEgbffPONMfWsHTUKOSNBRUUF3Nzc4ObmBqlUardjEwhPCoqioFKp0KJFCxw7fhzBwcH46quvGrzsJITWlZaWwmAwgGEYO7WYQCD8FaB4KxK7rKwMP//8M06dOoV79+9BrCdLoWF/48//q9VqREZGom3btnBzcyPmesIzC8txKCsrxblz58UQuOpd31aE3zA0DRcXF4SGhiIgIIC8GwQCoU5YFfIcx+HBgwcoKSlplJzaNE1DKpWKmjzJU0941hFi3oVkNg0xs9M0DYlEAolEQt4NAoFQZ6wKeWGzEBZkb2iaBsdxNQYvMpARngeqvzsNPUZDj0MgEP6aWBXyBAKBQCAQnk3IAh+BQCAQCM8pRMgTCAQCgfCcQoQ8gUAgEAjPKUTIEwgEAoHwnEKEPIFAIBAIzylEyBMIBAKB8JxChDyBQCAQCM8pRMgTCAQCgfCcQoQ8gUAgEAjPKUTIEwgEAoHwnEKEPIFAIBAIzylEyBMIBAKB8JxChDyBQCAQCM8pRMgTCAQCgfCcQoQ8gUAgEAjPKUTIEwgEAoHwnPL/AYVinbCHYX8tAAAAAElFTkSuQmCC\" data-filename=\"Capture du 2018-06-26 09-43-28.png\"></p></p>', '2018-08-10 10:00:00', '2018-08-10 17:00:00', 0);
INSERT INTO `events` (`id`, `eventname`, `description`, `start`, `end`, `inscription`) VALUES
(25, 'c\'est bien quand sa marchee', '<p>test</p><p>je peux mettre beaucoup d\'information c\'est cool :-)<br></p>', '2019-03-24 20:00:00', '2019-03-24 22:00:00', 1),
(26, 'c\'est bien quand sa marchee', '', '2019-03-24 20:00:00', '2019-03-24 22:00:00', 0),
(27, 'ttttttttttt', '<pre style=\"text-align: left;\">C&#39;est corrig&eacute; !</pre><table style=\"width: 100%;\"><tbody><tr><td style=\"width: 16.6667%;\"><br></td><td style=\"width: 16.6667%;\"><br></td><td style=\"width: 16.644%;\"><br></td><td style=\"width: 16.644%;\">gr</td><td style=\"width: 16.6667%;\"><br></td><td style=\"width: 16.6667%;\"><br></td></tr><tr><td style=\"width: 16.6667%;\"><br></td><td style=\"width: 16.6667%;\"><br></td><td style=\"width: 16.644%;\"><br></td><td style=\"width: 16.644%;\"><br></td><td style=\"width: 16.6667%;\"><br></td><td style=\"width: 16.6667%;\"><br></td></tr></tbody></table><p><br></p>', '2019-03-28 10:00:00', '2019-03-28 11:00:00', 1);

-- --------------------------------------------------------

--
-- Structure de la table `jobs_events`
--

CREATE TABLE `jobs_events` (
  `id` int(11) NOT NULL,
  `name` varchar(255) COLLATE utf8mb4_unicode_ci NOT NULL,
  `id_Event` int(11) NOT NULL,
  `Jobs_public` int(1) NOT NULL,
  `Max_old` date NOT NULL,
  `Max_person` int(11) NOT NULL
) ENGINE=InnoDB DEFAULT CHARSET=utf8mb4 COLLATE=utf8mb4_unicode_ci;

--
-- Déchargement des données de la table `jobs_events`
--

INSERT INTO `jobs_events` (`id`, `name`, `id_Event`, `Jobs_public`, `Max_old`, `Max_person`) VALUES
(1, 'judokas', 13, 1, '0000-00-00', 1000),
(2, 'gestion bar', 13, 0, '2006-07-18', 2),
(3, 'informaticien', 13, 0, '2000-00-00', 2);

-- --------------------------------------------------------

--
-- Structure de la table `judoka`
--

CREATE TABLE `judoka` (
  `id` int(11) NOT NULL,
  `Name` varchar(255) NOT NULL,
  `Surname` varchar(255) NOT NULL,
  `Sexe` char(2) NOT NULL,
  `Rank` tinyint(2) NOT NULL,
  `Year_of_birth` date NOT NULL
) ENGINE=InnoDB DEFAULT CHARSET=utf8;

--
-- Déchargement des données de la table `judoka`
--

INSERT INTO `judoka` (`id`, `Name`, `Surname`, `Sexe`, `Rank`, `Year_of_birth`) VALUES
(1, 'Nathan', 'Brohan', 'M', 16, '2002-07-16'),
(2, 'Arnaud', 'Tarjus', 'M', 12, '0000-00-00'),
(3, 'Margot', 'Brohan', 'F', 10, '2014-03-19');

-- --------------------------------------------------------

--
-- Structure de la table `link_judoka`
--

CREATE TABLE `link_judoka` (
  `Id` int(11) NOT NULL,
  `Id_User` int(11) NOT NULL,
  `Id_Judoka` int(11) NOT NULL
) ENGINE=InnoDB DEFAULT CHARSET=utf8;

--
-- Déchargement des données de la table `link_judoka`
--

INSERT INTO `link_judoka` (`Id`, `Id_User`, `Id_Judoka`) VALUES
(1, 1, 1),
(2, 2, 2),
(3, 1, 3);

-- --------------------------------------------------------

--
-- Structure de la table `person_events`
--

CREATE TABLE `person_events` (
  `id` int(11) NOT NULL,
  `id_User` int(11) NOT NULL,
  `id_Jobs` int(11) NOT NULL
) ENGINE=InnoDB DEFAULT CHARSET=utf8mb4 COLLATE=utf8mb4_unicode_ci;

--
-- Déchargement des données de la table `person_events`
--

INSERT INTO `person_events` (`id`, `id_User`, `id_Jobs`) VALUES
(3, 1, 2),
(7, 1, 2),
(8, 1, 1),
(9, 1, 1),
(11, 1, 1),
(14, 1, 1);

-- --------------------------------------------------------

--
-- Structure de la table `public_person_event`
--

CREATE TABLE `public_person_event` (
  `id` int(11) NOT NULL,
  `name` varchar(255) COLLATE utf8mb4_unicode_ci NOT NULL,
  `surname` varchar(255) COLLATE utf8mb4_unicode_ci NOT NULL,
  `birth_date` date NOT NULL,
  `id_Event` int(11) NOT NULL,
  `id_Jobs_Events` int(11) NOT NULL
) ENGINE=InnoDB DEFAULT CHARSET=utf8mb4 COLLATE=utf8mb4_unicode_ci;

-- --------------------------------------------------------

--
-- Structure de la table `user`
--

CREATE TABLE `user` (
  `id` int(11) NOT NULL,
  `email` varchar(230) COLLATE utf8mb4_unicode_ci NOT NULL,
  `name` text COLLATE utf8mb4_unicode_ci NOT NULL,
  `surname` text COLLATE utf8mb4_unicode_ci NOT NULL,
  `birth` date NOT NULL,
  `pass` varchar(255) COLLATE utf8mb4_unicode_ci NOT NULL,
  `grdjudo` int(11) NOT NULL,
  `grdsite` int(3) NOT NULL DEFAULT '3',
  `sexe` text COLLATE utf8mb4_unicode_ci NOT NULL
) ENGINE=InnoDB DEFAULT CHARSET=utf8mb4 COLLATE=utf8mb4_unicode_ci;

--
-- Déchargement des données de la table `user`
--

INSERT INTO `user` (`id`, `email`, `name`, `surname`, `birth`, `pass`, `grdjudo`, `grdsite`, `sexe`) VALUES
(1, 'nathanbrohan@gmail.com', 'Nathan', 'Brohan', '2002-07-16', '$2y$11$fpH/XfUalsnUcYfE9sjTm.t/wTcayQv3GkBokBPWEvGMC9GCwIVIe', 7, 0, 'M'),
(2, 'nathanbrohan@gmail.com', 'Arnaud', 'Tarjus', '2002-07-16', '$2y$10$4hki.xyLSBFB3kN/bAgHK.6HwhNjAAuPM4elXxb53S/AycMD0zici', 12, 1, 'M');

--
-- Index pour les tables déchargées
--

--
-- Index pour la table `events`
--
ALTER TABLE `events`
  ADD PRIMARY KEY (`id`);

--
-- Index pour la table `jobs_events`
--
ALTER TABLE `jobs_events`
  ADD PRIMARY KEY (`id`),
  ADD KEY `idEvent` (`id_Event`);

--
-- Index pour la table `judoka`
--
ALTER TABLE `judoka`
  ADD PRIMARY KEY (`id`);

--
-- Index pour la table `link_judoka`
--
ALTER TABLE `link_judoka`
  ADD PRIMARY KEY (`Id`),
  ADD KEY `Id_Judoka` (`Id_Judoka`),
  ADD KEY `Id_User` (`Id_User`);

--
-- Index pour la table `person_events`
--
ALTER TABLE `person_events`
  ADD PRIMARY KEY (`id`),
  ADD KEY `id_User` (`id_User`),
  ADD KEY `id_Jobs` (`id_Jobs`);

--
-- Index pour la table `public_person_event`
--
ALTER TABLE `public_person_event`
  ADD PRIMARY KEY (`id`),
  ADD UNIQUE KEY `id_Jobs_Events` (`id_Jobs_Events`),
  ADD KEY `id_Event` (`id_Event`) USING BTREE;

--
-- Index pour la table `user`
--
ALTER TABLE `user`
  ADD PRIMARY KEY (`id`);

--
-- AUTO_INCREMENT pour les tables déchargées
--

--
-- AUTO_INCREMENT pour la table `events`
--
ALTER TABLE `events`
  MODIFY `id` int(11) NOT NULL AUTO_INCREMENT, AUTO_INCREMENT=28;

--
-- AUTO_INCREMENT pour la table `jobs_events`
--
ALTER TABLE `jobs_events`
  MODIFY `id` int(11) NOT NULL AUTO_INCREMENT, AUTO_INCREMENT=4;

--
-- AUTO_INCREMENT pour la table `judoka`
--
ALTER TABLE `judoka`
  MODIFY `id` int(11) NOT NULL AUTO_INCREMENT, AUTO_INCREMENT=4;

--
-- AUTO_INCREMENT pour la table `link_judoka`
--
ALTER TABLE `link_judoka`
  MODIFY `Id` int(11) NOT NULL AUTO_INCREMENT, AUTO_INCREMENT=4;

--
-- AUTO_INCREMENT pour la table `person_events`
--
ALTER TABLE `person_events`
  MODIFY `id` int(11) NOT NULL AUTO_INCREMENT, AUTO_INCREMENT=15;

--
-- AUTO_INCREMENT pour la table `public_person_event`
--
ALTER TABLE `public_person_event`
  MODIFY `id` int(11) NOT NULL AUTO_INCREMENT;

--
-- AUTO_INCREMENT pour la table `user`
--
ALTER TABLE `user`
  MODIFY `id` int(11) NOT NULL AUTO_INCREMENT, AUTO_INCREMENT=3;

--
-- Contraintes pour les tables déchargées
--

--
-- Contraintes pour la table `jobs_events`
--
ALTER TABLE `jobs_events`
  ADD CONSTRAINT `Jobs_Events_ibfk_1` FOREIGN KEY (`id_Event`) REFERENCES `events` (`id`);

--
-- Contraintes pour la table `link_judoka`
--
ALTER TABLE `link_judoka`
  ADD CONSTRAINT `link_judoka_ibfk_1` FOREIGN KEY (`Id_Judoka`) REFERENCES `judoka` (`id`),
  ADD CONSTRAINT `link_judoka_ibfk_2` FOREIGN KEY (`Id_User`) REFERENCES `user` (`id`);

--
-- Contraintes pour la table `person_events`
--
ALTER TABLE `person_events`
  ADD CONSTRAINT `Person_Events_ibfk_1` FOREIGN KEY (`id_User`) REFERENCES `user` (`id`),
  ADD CONSTRAINT `Person_Events_ibfk_2` FOREIGN KEY (`id_Jobs`) REFERENCES `jobs_events` (`id`);

--
-- Contraintes pour la table `public_person_event`
--
ALTER TABLE `public_person_event`
  ADD CONSTRAINT `Public_Person_Event_ibfk_1` FOREIGN KEY (`id_Event`) REFERENCES `events` (`id`),
  ADD CONSTRAINT `Public_Person_Event_ibfk_2` FOREIGN KEY (`id_Jobs_Events`) REFERENCES `person_events` (`id`);
COMMIT;

/*!40101 SET CHARACTER_SET_CLIENT=@OLD_CHARACTER_SET_CLIENT */;
/*!40101 SET CHARACTER_SET_RESULTS=@OLD_CHARACTER_SET_RESULTS */;
/*!40101 SET COLLATION_CONNECTION=@OLD_COLLATION_CONNECTION */;
